Reserva;Estacio;Quadrant;Especie;Id;H16;H17;H18;H19;H20;H21;H22;E16;E17;E18;E19;E20;E21;E22;N16;N17;N18;N19;N20;N21;N22;O21
ZC;Medallot;A1;Paramuricea clavata;1;16;16;15,5;15;17;17;17;0;0;0;0;0;0;0;0;0;0;0;0;0;0;
ZC;Medallot;A1;Paramuricea clavata;2;24;24;22,5;21;24;26;22;0;0;0;0;0;0;0;0;0;0;0;0;0;50;
ZC;Medallot;A1;Paramuricea clavata;3;33;33;33,5;34;36;36;37;0;0;0;0;10;0;0;0;0;0;0;0;0;55;
ZC;Medallot;A1;Paramuricea clavata;4;13;13;14,5;16;15;15;14;0;0;0;0;0;0;40;0;0;0;0;0;0;0;
ZC;Medallot;A1;Paramuricea clavata;5;8,5;8,5;8,25;8;0;0;0;0;0;0;0;NA;NA;NA;0;0;0;0;NA;NA;NA;
ZC;Medallot;A1;Paramuricea clavata;6;26,6;27;0;0;0;0;0;0;0;NA;NA;NA;NA;NA;0;0;NA;NA;NA;NA;NA;
ZC;Medallot;A1;Paramuricea clavata;7;21;22;20,5;19;0;0;0;0;0;50;100;NA;NA;NA;0;0;0;0;NA;NA;NA;
ZC;Medallot;A1;Paramuricea clavata;8;12;12;13;14;0;0;0;0;0;0;0;NA;NA;NA;0;0;5;10;NA;NA;NA;
ZC;Medallot;A1;Paramuricea clavata;9;28,4;23;23;23;25;27;27;0;0;0;0;10;0;0;0;0;0;0;0;0;5;
ZC;Medallot;A1;Paramuricea clavata;10;11,6;14;13,5;13;14;16;17;0;5;2,5;0;0;0;0;0;0;0;0;0;0;0;
ZC;Medallot;A1;Paramuricea clavata;11;20,8;20;16;12;8;9;8;0;20;59,5;99;50;50;0;0;10;5;0;0;0;0;
ZC;Medallot;A1;Paramuricea clavata;12;22,2;22;21;20;20;16;16;0;0;10;20;60;100;100;0;0;5;10;0;0;80;
ZC;Medallot;A1;Paramuricea clavata;13;19;19;19;19;21;23;25;0;0;10;20;20;20;15;0;0;0;0;0;0;0;
ZC;Medallot;A1;Paramuricea clavata;14;7;7;7;7;9;9;6;0;0;0;0;0;0;0;0;0;0;0;0;0;20;
ZC;Medallot;A1;Paramuricea clavata;712;38;38;34;30;33;33;35;0;5;22,5;40;60;0;0;0;0;0;0;0;0;0;
ZC;Medallot;A1;Paramuricea clavata;713;13;13;13;13;10;11;12;0;0;0;0;0;0;0;0;0;0;0;0;0;0;
ZC;Medallot;A2;Paramuricea clavata;15;11,7;11,7;10,85;10;10;8;8;0;0;40;80;50;50;20;0;0;0;0;0;0;20;
ZC;Medallot;A2;Paramuricea clavata;16;6,8;6,8;5,9;5;5;0;0;0;0;0;0;0;NA;NA;0;0;0;0;0;NA;NA;
ZC;Medallot;A2;Paramuricea clavata;17;23,8;23,5;23,25;23;19;18;17;0;20;30;40;40;40;20;0;0;5;10;0;0;20;
ZC;Medallot;A2;Paramuricea clavata;18;42;43;27;11;12;0;0;0;70;85;100;100;NA;NA;0;0;0;0;0;NA;NA;
ZC;Medallot;A2;Paramuricea clavata;19;21;21;21;21;23;20;21;0;0;10;20;20;15;20;0;0;0;0;0;0;30;
ZC;Medallot;A3;Paramuricea clavata;20;27,5;0;0;0;0;0;0;0;NA;NA;NA;NA;NA;NA;0;NA;NA;NA;NA;NA;NA;
ZC;Medallot;A3;Paramuricea clavata;21;11,5;11,5;11,25;11;13;15;16;0;30;20;10;0;5;0;0;0;0;0;0;0;10;
ZC;Medallot;A3;Paramuricea clavata;22;31;0;0;0;0;0;0;0;NA;NA;NA;NA;NA;NA;0;NA;NA;NA;NA;NA;NA;
ZC;Medallot;A3;Paramuricea clavata;23;20,4;16,5;8,25;0;0;0;0;0;10;10;NA;NA;NA;NA;0;5;5;NA;NA;NA;NA;
ZC;Medallot;A3;Paramuricea clavata;24;14;14;7;0;0;0;0;0;50;NA;NA;NA;NA;NA;0;0;NA;NA;NA;NA;NA;
ZC;Medallot;A4;Paramuricea clavata;25;14,5;14,5;13,25;12;12;0;0;0;100;65;30;100;NA;NA;0;0;35;70;0;NA;NA;
ZC;Medallot;A4;Paramuricea clavata;26;24,5;24,5;12,25;0;0;0;0;0;5;5;NA;NA;NA;NA;0;0;0;NA;NA;NA;NA;
ZC;Medallot;A4;Paramuricea clavata;714;0;0;0;0;0;1,5;2,5;NA;NA;NA;NA;NA;0;0;NA;NA;NA;NA;NA;0;0;
ZC;Medallot;A4;Paramuricea clavata;715;0;0;0;0;0;2;1;NA;NA;NA;NA;NA;0;0;NA;NA;NA;NA;NA;0;0;
ZC;Medallot;A5;Paramuricea clavata;27;10;10;10;10;11;11,5;12,5;0;0;0;0;0;0;10;0;0;0;0;0;0;50;
ZC;Medallot;A5;Paramuricea clavata;28;16,5;13;0;0;0;0;0;0;0;NA;NA;NA;NA;NA;0;0;NA;NA;NA;NA;NA;
ZC;Medallot;A5;Paramuricea clavata;29;16;13;13,5;14;15;18;20;0;0;0,5;1;1;20;20;0;0;0;0;0;0;50;
ZC;Medallot;A5;Paramuricea clavata;30;35,7;38;36,25;34,5;37,5;37,5;37;0;0;0;0;10;0;1;0;0;5;10;0;0;15;
ZC;Medallot;A5;Paramuricea clavata;31;25;25;24,75;24,5;25;26;27;0;0;0;0;0;0;0;0;0;0;0;0;0;20;
ZC;Medallot;A5;Paramuricea clavata;32;31,5;31,5;31,25;31;32,5;33,5;3,5;0;5;3;1;0;0;95;0;0;0;0;0;0;0;
ZC;Medallot;A5;Paramuricea clavata;33;29,2;16;14,5;13;0;0;0;0;0;12,5;25;NA;NA;NA;0;0;0;0;NA;NA;NA;
ZC;Medallot;A5;Paramuricea clavata;34;13;13;13;13;15;0;0;0;0;12,5;25;25;NA;NA;0;0;0;0;0;NA;NA;
ZC;Medallot;A5;Paramuricea clavata;35;9,5;9,5;9,5;9,5;10;16,5;15;0;0;20;40;50;0;0;0;0;2,5;5;0;0;5;
ZC;Medallot;A5;Paramuricea clavata;36;32;32;32;32;35;36;38;0;0;0;0;0;0;5;0;0;0;0;0;0;20;
ZC;Medallot;A5;Paramuricea clavata;37;9;9;9;9;9;0;0;0;0;50;100;100;NA;NA;0;0;0;0;0;NA;NA;
ZC;Medallot;A5;Paramuricea clavata;679;0;0;3;4,5;5;5;0;NA;NA;0;0;10;0;NA;NA;NA;0;0;0;0;NA;
ZC;Medallot;A5;Paramuricea clavata;680;0;0;0;1,5;3;3;0;NA;NA;NA;0;0;0;NA;NA;NA;NA;0;0;0;NA;
ZC;Medallot;A5;Paramuricea clavata;716;13;13;13;13;15;17;16;0;0;12,5;25;25;5;0;0;0;0;0;0;0;90;
ZC;Medallot;A5;Paramuricea clavata;717;0;0;0;0;3;4;0;NA;NA;NA;NA;0;0;NA;NA;NA;NA;NA;0;0;NA;
ZC;Medallot;A5;Paramuricea clavata;718;0;0;0;0;3;5;6;NA;NA;NA;NA;0;0;0;NA;NA;NA;NA;0;0;40;
ZC;Medallot;A6;Paramuricea clavata;778;0;0;0;0;0;3;3;NA;NA;NA;NA;NA;0;0;NA;NA;NA;NA;NA;0;0;
ZC;Medallot;A6;Paramuricea clavata;38;19;19;19;19;22;23;23;0;0;0;0;0;0;0;0;0;0;0;0;0;15;
ZC;Medallot;A6;Paramuricea clavata;39;8;8;8;8;0;0;0;0;0;0;0;NA;NA;NA;0;0;0;0;NA;NA;NA;
ZC;Medallot;A6;Paramuricea clavata;40;8,5;8,5;8,5;8,5;0;0;0;0;0;0;0;NA;NA;NA;0;0;0;0;NA;NA;NA;
ZC;Medallot;A6;Paramuricea clavata;41;10;10;10;10;11;13;14;0;0;0;0;0;0;0;0;0;0;0;0;0;5;
ZC;Medallot;A6;Paramuricea clavata;697;0;0;0;0;1;3;3;NA;NA;NA;NA;0;0;0;NA;NA;NA;NA;0;0;0;
ZC;Medallot;A6;Paramuricea clavata;698;0;0;0;0;2;2;3;NA;NA;NA;NA;0;0;0;NA;NA;NA;NA;0;0;0;
ZC;Medallot;A6;Paramuricea clavata;719;0;0;0;0;0;1;3;NA;NA;NA;NA;NA;0;30;NA;NA;NA;NA;NA;0;30;
ZC;Medallot;A6;Paramuricea clavata;779;0;0;0;0;3;4;4,5;NA;NA;NA;NA;0;0;0;NA;NA;NA;NA;0;0;40;
ZC;Medallot;B1;Paramuricea clavata;42;48;7;6;5;0;0;0;0;50;25;0;NA;NA;NA;0;0;5;10;NA;NA;NA;
ZC;Medallot;B1;Paramuricea clavata;43;39,2;41;41,5;42;42;44;45,5;0;0;0;0;0;0;0;0;0;0;0;0;0;50;
ZC;Medallot;B1;Paramuricea clavata;44;12;13;16,15;19,3;0;0;0;0;0;0;0;NA;NA;NA;0;0;0;0;NA;NA;NA;
ZC;Medallot;B1;Paramuricea clavata;720;0;0;0;0;3;5;8;NA;NA;NA;NA;0;0;0;NA;NA;NA;NA;0;0;40;
ZC;Medallot;B2;Paramuricea clavata;45;20;20;18,5;17;18;17;18;0;0;0;0;0;0;0;0;0;0;0;0;0;5;
ZC;Medallot;B2;Paramuricea clavata;46;18;0;0;0;0;0;0;0;NA;NA;NA;NA;NA;NA;0;NA;NA;NA;NA;NA;NA;
ZC;Medallot;B2;Paramuricea clavata;47;18;18;18,5;19;18;20;22;0;0;10;20;0;NA;0;0;0;0;0;0;NA;40;
ZC;Medallot;B2;Paramuricea clavata;48;20;23;20,5;18;19;19;20;0;0;5;10;20;1;0;0;0;0;0;0;0;85;
ZC;Medallot;B2;Paramuricea clavata;49;19;19;19;19;18;18;17;0;0;0;0;0;NA;5;0;0;0;0;0;NA;20;
ZC;Medallot;B2;Paramuricea clavata;50;18;18;16,5;15;15;16;15;0;5;7,5;10;10;0;30;0;5;2,5;0;0;0;5;
ZC;Medallot;B2;Paramuricea clavata;52;10;10;0;0;0;0;0;0;0;NA;NA;NA;NA;NA;0;0;NA;NA;NA;NA;NA;
ZC;Medallot;B2;Paramuricea clavata;53;8;8;4;0;0;0;0;0;0;0;NA;NA;NA;NA;0;0;0;NA;NA;NA;NA;
ZC;Medallot;B2;Paramuricea clavata;54;24;25,5;26,25;27;27;29;28;0;0;0;0;0;0;0;0;0;0;0;0;0;10;
ZC;Medallot;B2;Paramuricea clavata;55;25;26;27,5;29;30;30;30;0;19;14,5;10;0;0;0;0;0;0;0;0;0;20;
ZC;Medallot;B2;Paramuricea clavata;56;16;16;17;18;0;0;0;0;3;31,5;60;NA;NA;NA;0;0;0;0;NA;NA;NA;
ZC;Medallot;B2;Paramuricea clavata;57;20;20;22;24;24;25;26;0;0;0;0;0;0;0;0;0;0;0;0;0;40;
ZC;Medallot;B2;Paramuricea clavata;58;18;18;18;18;18;19;20;0;0;0;0;0;0;0;0;0;0;0;0;0;20;
ZC;Medallot;B2;Paramuricea clavata;59;10;10;9,5;9;11;13;15;0;0;0;0;0;10;30;0;0;0;0;0;0;0;
ZC;Medallot;B2;Paramuricea clavata;776;0;0;0;0;0;0;1;NA;NA;NA;NA;NA;NA;0;NA;NA;NA;NA;NA;NA;0;
ZC;Medallot;B3;Paramuricea clavata;60;29,5;33;34;35;36;38;36;0;0;10;20;10;0;0;0;0;0;0;0;0;80;
ZC;Medallot;B3;Paramuricea clavata;61;14;14;13,5;13;15;15;17;0;0;20;40;20;0;0;0;0;0;0;0;0;10;
ZC;Medallot;B3;Paramuricea clavata;62;16,5;11;14;17;15;16;12;0;0;0;0;0;0;0;0;0;0;0;0;0;50;
ZC;Medallot;B3;Paramuricea clavata;63;31;33;31,5;30;32;35;38;0;0;30;60;20;50;10;0;0;0;0;0;0;70;
ZC;Medallot;B3;Paramuricea clavata;64;31,5;33;34;35;35;35;37;0;0;0;0;0;0;0;0;0;0;0;0;0;30;
ZC;Medallot;B3;Paramuricea clavata;65;18;18;14;10;11;12;15;0;0;0;0;0;0;5;0;0;0;0;0;0;0;
ZC;Medallot;B3;Paramuricea clavata;66;20,5;16;15,5;15;15;17;18;0;90;45;0;0;0;0;0;0;0;0;0;0;80;
ZC;Medallot;B3;Paramuricea clavata;67;57,5;50;49;48;48;47;35;0;40;30;20;20;50;40;0;0;0;0;0;0;30;
ZC;Medallot;B3;Paramuricea clavata;68;35;17;11;5;5;8;0;0;0;0;0;0;0;NA;0;0;0;0;0;0;NA;
ZC;Medallot;B3;Paramuricea clavata;69;23,5;23;22,5;22;23;22;20;0;25;12,5;0;0;5;0;0;0;0;0;0;0;5;
ZC;Medallot;B3;Paramuricea clavata;70;35;0;0;0;0;0;0;0;NA;NA;NA;NA;NA;NA;0;NA;NA;NA;NA;NA;NA;
ZC;Medallot;B3;Paramuricea clavata;71;17;17;18;19;20;23;23;0;0;10;20;40;40;50;0;0;0;0;0;0;0;
ZC;Medallot;B3;Paramuricea clavata;72;15;15;15;15;17;17;17;0;0;0;0;0;0;0;0;0;0;0;0;0;80;
ZC;Medallot;B3;Paramuricea clavata;721;0;0;0;0;0;1,5;2;NA;NA;NA;NA;NA;0;0;NA;NA;NA;NA;NA;0;0;
ZC;Medallot;B3;Paramuricea clavata;722;0;0;0;0;0;3;5;NA;NA;NA;NA;NA;0;0;NA;NA;NA;NA;NA;0;0;
ZC;Medallot;B3;Paramuricea clavata;777;0;0;0;0;0;0;1,5;NA;NA;NA;NA;NA;NA;0;NA;NA;NA;NA;NA;NA;0;
ZC;Medallot;B4;Paramuricea clavata;73;21,3;20;0;0;0;0;0;0;0;0;NA;NA;NA;NA;0;5;5;NA;NA;NA;NA;
ZC;Medallot;B4;Paramuricea clavata;74;31,5;31;30;29;29,5;30;31;0;10;20;30;15;5;5;0;0;0;0;0;5;90;
ZC;Medallot;B4;Paramuricea clavata;75;6,5;7;7,75;8,5;11;12;11,5;0;0;0;0;0;0;0;0;0;0;0;0;0;10;
ZC;Medallot;B4;Paramuricea clavata;76;14,5;14,5;0;0;0;0;0;0;55;55;NA;NA;NA;NA;0;0;0;NA;NA;NA;NA;
ZC;Medallot;B4;Paramuricea clavata;77;44;44;42,25;40,5;41;45;46;0;5;10;15;5;10;5;0;0;0;0;0;10;30;
ZC;Medallot;B4;Paramuricea clavata;723;0;0;0;1,5;5,5;5;5,5;NA;NA;NA;0;0;0;0;NA;NA;NA;0;0;0;30;
ZC;Medallot;B4;Paramuricea clavata;724;0;0;0;0;1,5;3;4;NA;NA;NA;NA;0;0;0;NA;NA;NA;NA;0;0;0;
ZC;Medallot;B4;Paramuricea clavata;778;0;0;0;0;0;0;0,5;NA;NA;NA;NA;NA;NA;0;NA;NA;NA;NA;NA;NA;0;
ZC;Medallot;B5;Paramuricea clavata;78;38,5;38,5;38,25;38;0;0;0;0;90;60;30;NA;NA;NA;0;0;15;30;NA;NA;NA;
ZC;Medallot;B5;Paramuricea clavata;79;48,2;50;49;48;51;53;53;0;5;12,5;20;30;30;5;0;0;2,5;5;0;0;50;
ZC;Medallot;B5;Paramuricea clavata;80;18,5;18;18,5;19;19;14,5;6,5;0;0;0;0;0;80;0;0;0;0,5;1;0;0;0;
ZC;Medallot;B5;Paramuricea clavata;81;8;10;5;0;0;0;0;0;0;0;NA;NA;NA;NA;0;0;0;NA;NA;NA;NA;
ZC;Medallot;B5;Paramuricea clavata;82;25;24;23;22;22;23;24;0;0;0;0;25;0;5;0;0;7,5;15;0;0;20;
ZC;Medallot;B5;Paramuricea clavata;83;11;11;11;11;15;19;0;0;0;2,5;5;50;0;NA;0;0;0;0;0;0;NA;
ZC;Medallot;B5;Paramuricea clavata;699;0;0;0;0;1,5;8;10;NA;NA;NA;NA;0;0;40;NA;NA;NA;NA;0;0;10;
ZC;Medallot;B5;Paramuricea clavata;725;0;0;0;0;0;1,5;2;NA;NA;NA;NA;NA;0;0;NA;NA;NA;NA;NA;0;0;
ZC;Medallot;B6;Paramuricea clavata;84;19;19;19;19;20;21;20;0;0;20;40;50;20;20;0;0;5;10;0;0;70;
ZC;Medallot;B6;Paramuricea clavata;85;24;24;24;24;25,5;26;28,5;0;0;0;0;0;0;0;0;0;0;0;0;0;30;
ZC;Medallot;B6;Paramuricea clavata;86;24;24;24;24;20;20;21,5;0;0;25;50;60;80;20;0;0;2,5;5;0;0;20;
ZC;Medallot;B6;Paramuricea clavata;726;0;0;0;0;0;3;4;NA;NA;NA;NA;NA;0;0;NA;NA;NA;NA;NA;0;20;
RNP;Carall Bernat;A1;Paramuricea clavata;710;0;0;0;0;0;0;0;NA;NA;NA;NA;NA;NA;NA;NA;NA;NA;NA;NA;NA;NA;
RNP;Carall Bernat;A2;Paramuricea clavata;406;0;19;19;19;0;0;0;NA;70;70;100;NA;NA;NA;NA;0;20;0;NA;NA;NA;
RNP;Carall Bernat;A2;Paramuricea clavata;407;0;24;22;22;15;15;15;NA;25;30;60;90;70;100;NA;20;20;15;0;0;0;
RNP;Carall Bernat;A2;Paramuricea clavata;408;0;2;0;0;0;0;0;NA;10;NA;NA;NA;NA;NA;NA;0;NA;NA;NA;NA;NA;
RNP;Carall Bernat;A2;Paramuricea clavata;409;0;4;6;3,1;3,1;3,1;3,1;NA;25;0;0;0;60;100;NA;0;0;0;0;0;0;
RNP;Carall Bernat;A2;Paramuricea clavata;410;0;5;0;0;0;0;0;NA;0;NA;NA;NA;NA;NA;NA;0;NA;NA;NA;NA;NA;
RNP;Carall Bernat;A2;Paramuricea clavata;411;0;17,5;20;20;8;10;10;NA;25;0;80;80;80;100;NA;0;0;0;0;0;0;
RNP;Carall Bernat;A2;Paramuricea clavata;412;0;15;0;0;0;0;0;NA;10;NA;NA;NA;NA;NA;NA;30;NA;NA;NA;NA;NA;
RNP;Carall Bernat;A2;Paramuricea clavata;413;0;0;0;2,5;0;0;0;NA;NA;NA;0;NA;NA;NA;NA;NA;NA;0;NA;NA;NA;
RNP;Carall Bernat;A3;Paramuricea clavata;414;0;6,5;5;5;7;7;7;NA;51;70;80;90;40;30;NA;0;0;0;0;0;60;
RNP;Carall Bernat;A3;Paramuricea clavata;415;0;0;2;2;4;5;0;NA;NA;0;0;0;0;NA;NA;NA;0;0;0;0;NA;
RNP;Carall Bernat;A3;Paramuricea clavata;416;0;0;0;0;0,5;0;0;NA;NA;NA;NA;0;NA;NA;NA;NA;NA;NA;0;NA;NA;
RNP;Carall Bernat;A4;Paramuricea clavata;417;0;1,5;0;0;0;0;0;NA;0;NA;NA;NA;NA;NA;NA;0;NA;NA;NA;NA;NA;
RNP;Carall Bernat;A4;Paramuricea clavata;418;0;12;15;13,5;16;14;13;NA;5;0;25;80;25;40;NA;0;0;0;0;0;50;
RNP;Carall Bernat;A4;Paramuricea clavata;419;0;19;19;19;21;22;23;NA;5;10;0;15;30;20;NA;0;30;0;0;0;40;
RNP;Carall Bernat;A4;Paramuricea clavata;420;0;18;18;19;19;19,5;18;NA;0;10;0;10;25;30;NA;0;30;30;0;0;40;
RNP;Carall Bernat;A4;Paramuricea clavata;780;0;0;0;0;3;5;7;NA;NA;NA;NA;0;0;80;NA;NA;NA;NA;0;0;10;
RNP;Carall Bernat;A4;Paramuricea clavata;781;0;0;0;0;0;0;2;NA;NA;NA;NA;NA;NA;0;NA;NA;NA;NA;NA;NA;50;
RNP;Carall Bernat;A5;Paramuricea clavata;421;0;28,5;29;26,5;28;29,5;21;NA;25;60;80;80;75;100;NA;0;20;0;0;0;0;
RNP;Carall Bernat;A5;Paramuricea clavata;422;0;27;27;27;27;30;32;NA;5;5;15;70;10;0;NA;0;0;0;0;0;40;
RNP;Carall Bernat;A5;Paramuricea clavata;423;0;0;0;0;2,5;0;0;NA;NA;NA;NA;0;NA;NA;NA;NA;NA;NA;0;NA;NA;
RNP;Carall Bernat;A5;Paramuricea clavata;727;0;0;0;0;3;6;7;NA;NA;NA;NA;0;0;100;NA;NA;NA;NA;0;0;0;
RNP;Carall Bernat;A5;Paramuricea clavata;728;0;0;0;0;0;2;0;NA;NA;NA;NA;NA;0;NA;NA;NA;NA;NA;NA;0;NA;
RNP;Carall Bernat;A6;Paramuricea clavata;424;0;6;0;0;0;0;0;NA;0;NA;NA;NA;NA;NA;NA;0;NA;NA;NA;NA;NA;
RNP;Carall Bernat;A6;Paramuricea clavata;425;0;14;15;14;14;15;16;NA;0;0;70;80;40;80;NA;0;0;0;0;0;10;
RNP;Carall Bernat;A6;Paramuricea clavata;426;0;4;0;0;0;0;0;NA;0;NA;NA;NA;NA;NA;NA;0;NA;NA;NA;NA;NA;
RNP;Carall Bernat;A6;Paramuricea clavata;427;0;18;15;15,5;12;11,5;13;NA;0;0;70;99;85;40;NA;0;0;0;0;0;40;
RNP;Carall Bernat;A6;Paramuricea clavata;428;0;4,5;7;0;0;0;0;NA;0;0;NA;NA;NA;NA;NA;0;0;NA;NA;NA;NA;
RNP;Carall Bernat;B1;Paramuricea clavata;429;0;33;33;36;27;28;28;NA;5;0;0;20;20;25;NA;1;0;10;0;0;5;
RNP;Carall Bernat;B1;Paramuricea clavata;430;0;8;5;5;6,5;7;7;NA;0;0;0;0;10;20;NA;0;0;0;0;0;10;
RNP;Carall Bernat;B1;Paramuricea clavata;431;0;31;32;36;36;39;34;NA;5;5;5;0;0;0;NA;0;0;0;0;0;20;
RNP;Carall Bernat;B1;Paramuricea clavata;729;0;36;36;34;30;33;34;NA;0;0;0;5;5;0;NA;0;0;0;0;0;5;
RNP;Carall Bernat;B1;Paramuricea clavata;432;0;25;28;28;0;0;0;NA;5;0;5;NA;NA;NA;NA;0;0;0;NA;NA;NA;
RNP;Carall Bernat;B1;Paramuricea clavata;433;0;23;26;6;6;8;8;NA;25;26;80;80;50;100;NA;0;0;0;0;0;0;
RNP;Carall Bernat;B2;Paramuricea clavata;711;0;0;0;0;0;0;0;NA;NA;NA;NA;NA;NA;NA;NA;NA;NA;NA;NA;NA;NA;
RNP;Carall Bernat;B3;Paramuricea clavata;434;0;5;8;8;0;0;0;NA;80;40;0;NA;NA;NA;NA;0;0;0;NA;NA;NA;
RNP;Carall Bernat;B3;Paramuricea clavata;435;0;17;22;22;0;0;0;NA;75;0;0;NA;NA;NA;NA;1;0;0;NA;NA;NA;
RNP;Carall Bernat;B3;Paramuricea clavata;436;0;28;29;21;21;20;20;NA;25;0;100;100;100;100;NA;25;0;0;0;0;0;
RNP;Carall Bernat;B3;Paramuricea clavata;437;0;25;22;22;0;0;0;NA;59;60;60;NA;NA;NA;NA;40;0;0;NA;NA;NA;
RNP;Carall Bernat;B3;Paramuricea clavata;438;0;40;0;0;0;0;0;NA;10;NA;NA;NA;NA;NA;NA;90;NA;NA;NA;NA;NA;
RNP;Carall Bernat;B3;Paramuricea clavata;439;0;32;33;33;0;0;0;NA;5;0;0;NA;NA;NA;NA;25;0;0;NA;NA;NA;
RNP;Carall Bernat;B3;Paramuricea clavata;440;0;12;14;18;18;18;19;NA;25;20;20;80;30;60;NA;0;0;0;0;0;40;
RNP;Carall Bernat;B4;Paramuricea clavata;441;0;4;0;0;0;0;0;NA;0;NA;NA;NA;NA;NA;NA;50;NA;NA;NA;NA;NA;
RNP;Carall Bernat;B4;Paramuricea clavata;442;0;42;46;46;45;48,5;51;NA;5;0;0;0;20;0;NA;5;20;20;5;5;30;
RNP;Carall Bernat;B4;Paramuricea clavata;443;0;16;16;16,5;16,5;18;14;NA;1;10;10;0;15;0;NA;10;0;0;0;5;100;
RNP;Carall Bernat;B4;Paramuricea clavata;730;0;0;0;0;0;1,5;0;NA;NA;NA;NA;NA;0;NA;NA;NA;NA;NA;NA;0;NA;
RNP;Carall Bernat;B5;Paramuricea clavata;444;0;14;7;0;0;0;0;NA;49;80;NA;NA;NA;NA;NA;50;0;NA;NA;NA;NA;
RNP;Carall Bernat;B5;Paramuricea clavata;445;0;22,5;27;27;27;25;26;NA;10;0;20;30;10;100;NA;0;0;10;0;10;0;
RNP;Carall Bernat;B5;Paramuricea clavata;446;0;24;12;12,5;14;13;14;NA;40;40;0;90;50;10;NA;0;0;0;0;0;0;
RNP;Carall Bernat;B6;Paramuricea clavata;447;0;3;4;4;4;4;0;NA;20;0;0;80;0;NA;NA;5;0;0;0;0;NA;
RNP;Carall Bernat;B6;Paramuricea clavata;448;0;6;9;9,5;10,5;6;0;NA;50;50;70;99;80;NA;NA;0;0;0;0;0;NA;
RNP;Carall Bernat;B6;Paramuricea clavata;449;0;34,5;34;36;36;32;35;NA;20;20;30;0;25;30;NA;1;20;0;0;5;60;
RNP;Carall Bernat;B6;Paramuricea clavata;450;0;0;0;1,5;2;3;0;NA;NA;NA;0;0;0;NA;NA;NA;NA;0;0;0;NA;
RNP;La Vaca;A1;Paramuricea clavata;451;0;24;27;27;27;29;29;NA;5;0;5;5;0;0;NA;0;0;0;0;0;30;
RNP;La Vaca;A1;Paramuricea clavata;452;0;28;28;30;30;30;31;NA;5;0;0;0;0;5;NA;0;1;0;0;0;70;
RNP;La Vaca;A1;Paramuricea clavata;453;0;26;24,5;24,5;24,5;20;0;NA;80;100;100;100;100;NA;NA;0;0;0;0;0;NA;
RNP;La Vaca;A1;Paramuricea clavata;454;0;21;22;24,5;24,5;24,5;23;NA;0;NA;NA;NA;NA;0;NA;0;NA;NA;NA;NA;0;
RNP;La Vaca;A1;Paramuricea clavata;455;0;27;28;28;31;31;32;NA;0;0;0;10;NA;0;NA;0;0;0;0;NA;0;
RNP;La Vaca;A1;Paramuricea clavata;456;0;18;0;0;0;0;0;NA;0;NA;NA;NA;NA;NA;NA;0;NA;NA;NA;NA;NA;
RNP;La Vaca;A1;Paramuricea clavata;457;0;28;28;0;0;0;0;NA;10;0;NA;NA;NA;NA;NA;0;0;NA;NA;NA;NA;
RNP;La Vaca;A1;Paramuricea clavata;458;0;29;29;29;27;27;28;NA;0;0;0;0;0;0;NA;0;0;0;0;0;0;
RNP;La Vaca;A1;Paramuricea clavata;459;0;7;7;7,5;7,5;0;0;NA;0;0;0;0;0;NA;NA;0;0;0;0;0;NA;
RNP;La Vaca;A2;Paramuricea clavata;460;0;33,5;34;35;36;36;38;NA;0;0;0;10;0;0;NA;0;20;40;0;0;0;
RNP;La Vaca;A2;Paramuricea clavata;461;0;29;29;31,5;31,5;34;33;NA;0;0;0;0;0;0;NA;0;10;0;0;0;35;
RNP;La Vaca;A2;Paramuricea clavata;462;0;25;28;28;29;29;28;NA;0;0;0;15;0;0;NA;0;0;0;0;0;40;
RNP;La Vaca;A2;Paramuricea clavata;463;0;40;42;44,5;44,5;46;48;NA;0;0;0;0;0;5;NA;0;30;10;10;0;20;
RNP;La Vaca;A2;Paramuricea clavata;464;0;16;14,5;14,5;0;0;0;NA;0;0;0;NA;NA;NA;NA;0;20;100;NA;NA;NA;
RNP;La Vaca;A3;Paramuricea clavata;465;0;19,5;21;21;23;25;27;NA;0;0;0;0;30;0;NA;0;0;5;0;0;0;
RNP;La Vaca;A3;Paramuricea clavata;466;0;21;0;0;0;0;0;NA;10;NA;NA;NA;NA;NA;NA;0;NA;NA;NA;NA;NA;
RNP;La Vaca;A3;Paramuricea clavata;467;0;23;25,5;25,5;26,5;0;0;NA;0;0;0;0;NA;NA;NA;0;5;5;0;NA;NA;
RNP;La Vaca;A3;Paramuricea clavata;782;0;0;0;0;3;5;8;NA;NA;NA;NA;0;0;10;NA;NA;NA;NA;0;0;90;
RNP;La Vaca;A4;Paramuricea clavata;468;0;10,5;10;0;0;0;0;NA;0;0;NA;NA;NA;NA;NA;80;20;NA;NA;NA;NA;
RNP;La Vaca;A4;Paramuricea clavata;469;0;27;28;31;21;21;19;NA;0;0;30;50;30;30;NA;0;30;5;0;0;0;
RNP;La Vaca;A4;Paramuricea clavata;470;0;8;0;0;0;0;0;NA;0;NA;NA;NA;NA;NA;NA;0;NA;NA;NA;NA;NA;
RNP;La Vaca;A4;Paramuricea clavata;471;0;8;8,5;9;9,5;11,5;11;NA;0;0;25;10;10;5;NA;0;0;0;0;0;0;
RNP;La Vaca;A4;Paramuricea clavata;472;0;7;0;0;0;0;0;NA;0;NA;NA;NA;NA;NA;NA;0;NA;NA;NA;NA;NA;
RNP;La Vaca;A4;Paramuricea clavata;473;0;21;22;23;23,5;24,5;24;NA;1;0;0;0;0;40;NA;0;5;0;0;0;10;
RNP;La Vaca;A4;Paramuricea clavata;474;0;35;36;39;0;0;0;NA;1;0;0;NA;NA;NA;NA;0;15;15;NA;NA;NA;
RNP;La Vaca;A4;Paramuricea clavata;475;0;26,5;28,5;29,5;26;27;27;NA;5;10;60;60;50;0;NA;0;20;0;0;0;0;
RNP;La Vaca;A4;Paramuricea clavata;476;0;27;28;28;28;0;0;NA;0;0;0;0;NA;NA;NA;0;5;0;0;NA;NA;
RNP;La Vaca;A4;Paramuricea clavata;477;0;43,5;43;44,5;44;44,5;40;NA;15;10;30;30;20;30;NA;0;5;10;0;0;1;
RNP;La Vaca;A4;Paramuricea clavata;478;0;12;13;13,5;14;16;17;NA;0;0;0;0;0;0;NA;0;0;0;0;0;5;
RNP;La Vaca;A4;Paramuricea clavata;479;0;8,5;9;9,5;9,5;10,5;11;NA;0;0;0;0;0;0;NA;0;0;0;0;0;0;
RNP;La Vaca;A4;Paramuricea clavata;480;0;25;28;30,5;30,5;31;31;NA;0;0;0;0;0;0;NA;0;0;0;0;0;0;
RNP;La Vaca;A4;Paramuricea clavata;481;0;24;26;26;26;28;26;NA;0;0;0;25;25;0;NA;0;0;0;0;0;5;
RNP;La Vaca;A5;Paramuricea clavata;482;0;11;10;10;0;0;0;NA;100;100;100;NA;NA;NA;NA;0;0;0;NA;NA;NA;
RNP;La Vaca;A5;Paramuricea clavata;483;0;24,5;28;32;34;30,5;36;NA;0;0;0;5;0;5;NA;0;0;0;0;0;0;
RNP;La Vaca;A5;Paramuricea clavata;484;0;19;19;19;12,5;12,5;13;NA;0;5;0;20;25;0;NA;0;0;15;10;0;0;
RNP;La Vaca;A5;Paramuricea clavata;485;0;35;36;0;0;0;0;NA;0;0;NA;NA;NA;NA;NA;1;25;NA;NA;NA;NA;
RNP;La Vaca;A5;Paramuricea clavata;486;0;31;31,5;32;0;0;0;NA;0;5;10;NA;NA;NA;NA;0;5;0;NA;NA;NA;
RNP;La Vaca;A5;Paramuricea clavata;487;0;34;34;35;36;36;38;NA;0;0;0;20;10;25;NA;0;5;30;20;0;0;
RNP;La Vaca;A5;Paramuricea clavata;488;0;4;0;0;0;0;0;NA;0;NA;NA;NA;NA;NA;NA;0;NA;NA;NA;NA;NA;
RNP;La Vaca;A5;Paramuricea clavata;489;0;13;12;14,5;0;0;0;NA;0;0;0;NA;NA;NA;NA;0;0;10;NA;NA;NA;
RNP;La Vaca;A5;Paramuricea clavata;490;0;5;6;6,5;10;11;0;NA;0;0;0;0;0;NA;NA;0;0;0;0;0;NA;
RNP;La Vaca;A5;Paramuricea clavata;491;0;11,5;12;13;13;14;19;NA;0;0;0;0;0;0;NA;0;0;0;0;0;5;
RNP;La Vaca;A5;Paramuricea clavata;492;0;26;27;27;27;28;28,5;NA;5;5;10;25;10;25;NA;5;5;5;0;0;0;
RNP;La Vaca;A5;Paramuricea clavata;493;0;4,5;0;0;0;0;0;NA;0;NA;NA;NA;NA;NA;NA;0;NA;NA;NA;NA;NA;
RNP;La Vaca;A5;Paramuricea clavata;494;0;9,5;10;0;0;0;0;NA;0;0;NA;NA;NA;NA;NA;0;0;NA;NA;NA;NA;
RNP;La Vaca;A5;Paramuricea clavata;495;0;30;0;0;0;0;0;NA;10;NA;NA;NA;NA;NA;NA;5;NA;NA;NA;NA;NA;
RNP;La Vaca;A5;Paramuricea clavata;496;0;28;29;29;29,5;10;0;NA;0;0;0;0;0;NA;NA;0;0;0;5;0;NA;
RNP;La Vaca;A5;Paramuricea clavata;497;0;33;32;32;32,5;0;0;NA;1;0;0;5;NA;NA;NA;1;5;5;10;NA;NA;
RNP;La Vaca;A5;Paramuricea clavata;498;0;12;10;0;0;0;0;NA;0;0;NA;NA;NA;NA;NA;0;40;NA;NA;NA;NA;
RNP;La Vaca;A5;Paramuricea clavata;499;0;18,5;20;22,5;0;0;0;NA;0;0;0;NA;NA;NA;NA;0;0;0;NA;NA;NA;
RNP;La Vaca;A5;Paramuricea clavata;500;0;30;30;30;25;0;0;NA;5;5;5;10;NA;NA;NA;0;0;0;15;NA;NA;
RNP;La Vaca;A5;Paramuricea clavata;501;0;27,5;0;0;0;0;0;NA;0;NA;NA;NA;NA;NA;NA;1;NA;NA;NA;NA;NA;
RNP;La Vaca;A5;Paramuricea clavata;731;0;0;0;0;0;2,5;0;NA;NA;NA;NA;NA;0;NA;NA;NA;NA;NA;NA;0;NA;
RNP;La Vaca;A6;Paramuricea clavata;502;0;21,5;24,5;26;27;30;31;NA;0;0;0;0;0;1;NA;5;0;0;0;0;1;
RNP;La Vaca;A6;Paramuricea clavata;503;0;3,5;5;0;0;0;0;NA;0;0;NA;NA;NA;NA;NA;0;0;NA;NA;NA;NA;
RNP;La Vaca;A6;Paramuricea clavata;504;0;13;16,5;16,5;13;13;13,5;NA;0;0;0;0;0;0;NA;0;0;0;15;0;0;
RNP;La Vaca;A6;Paramuricea clavata;505;0;27,5;28;27;28;28;31;NA;0;0;0;0;0;0;NA;0;0;0;0;0;10;
RNP;La Vaca;B1;Paramuricea clavata;506;0;43;43;43,5;45;45;44;NA;0;0;0;5;0;0;NA;0;5;15;0;0;10;
RNP;La Vaca;B1;Paramuricea clavata;507;0;12,6;12,5;14;15;15;15;NA;0;0;1;0;0;0;NA;0;0;0;0;0;0;
RNP;La Vaca;B1;Paramuricea clavata;783;0;12;12;12;12;12;13;NA;0;0;0;0;0;0;NA;0;0;0;0;0;0;
RNP;La Vaca;B1;Paramuricea clavata;508;0;39;39,5;39,8;41;36;38;NA;0;0;0;0;70;80;NA;0;90;90;60;0;0;
RNP;La Vaca;B2;Paramuricea clavata;509;0;20;21;22;22;22;23;NA;0;0;0;0;0;0;NA;0;5;10;0;0;0;
RNP;La Vaca;B2;Paramuricea clavata;510;0;30;30;30;30;30;30;NA;0;0;0;0;0;5;NA;0;5;5;5;0;0;
RNP;La Vaca;B2;Paramuricea clavata;511;0;1,5;0;0;0;0;0;NA;0;NA;NA;NA;NA;NA;NA;0;NA;NA;NA;NA;NA;
RNP;La Vaca;B2;Paramuricea clavata;512;0;10;13;13;14;14;16;NA;0;0;0;0;0;0;NA;0;0;0;0;0;0;
RNP;La Vaca;B2;Paramuricea clavata;513;0;4;0;0;0;0;0;NA;0;NA;NA;NA;NA;NA;NA;0;NA;NA;NA;NA;NA;
RNP;La Vaca;B2;Paramuricea clavata;514;0;25;28,5;30;30;31;33;NA;0;0;0;0;0;0;NA;0;15;20;20;0;40;
RNP;La Vaca;B2;Paramuricea clavata;515;0;30;32;34;36;38;36;NA;0;0;0;30;10;10;NA;0;40;40;0;0;10;
RNP;La Vaca;B3;Paramuricea clavata;516;0;31;32;35;33;27;29;NA;20;0;0;0;0;0;NA;0;30;30;0;0;40;
RNP;La Vaca;B3;Paramuricea clavata;517;0;51;52;54;54;56;50;NA;0;0;0;0;0;0;NA;0;20;20;0;0;10;
RNP;La Vaca;B3;Paramuricea clavata;518;0;22;23,5;23,5;23,5;24;22;NA;5;5;5;5;0;0;NA;0;0;0;0;0;0;
RNP;La Vaca;B3;Paramuricea clavata;519;0;27;27;30;35;38;41;NA;0;0;0;0;0;0;NA;0;5;5;0;0;0;
RNP;La Vaca;B4;Paramuricea clavata;520;0;14;13,5;16;16;17;17;NA;0;0;0;0;0;0;NA;0;0;0;0;0;30;
RNP;La Vaca;B4;Paramuricea clavata;521;0;15;15;17;17;17,5;17;NA;0;0;5;0;10;0;NA;0;0;0;0;0;0;
RNP;La Vaca;B4;Paramuricea clavata;522;0;1,5;0;0;0;0;0;NA;0;NA;NA;NA;NA;NA;NA;0;NA;NA;NA;NA;NA;
RNP;La Vaca;B4;Paramuricea clavata;523;0;25,5;0;0;0;0;0;NA;0;NA;NA;NA;NA;NA;NA;0;NA;NA;NA;NA;NA;
RNP;La Vaca;B4;Paramuricea clavata;524;0;45;49;50;51;53;54;NA;0;10;20;20;10;20;NA;0;20;0;0;0;0;
RNP;La Vaca;B4;Paramuricea clavata;525;0;33;33,5;37;38;39,5;40;NA;5;0;25;25;10;15;NA;0;0;0;0;0;15;
RNP;La Vaca;B4;Paramuricea clavata;526;0;22,5;24,5;24,5;24,5;24,5;26;NA;0;10;5;5;0;10;NA;0;0;0;0;0;0;
RNP;La Vaca;B4;Paramuricea clavata;527;0;11;13;15;13;7;6;NA;0;0;0;100;100;100;NA;0;0;0;0;0;0;
RNP;La Vaca;B4;Paramuricea clavata;528;0;19;19,5;15;10;0;0;NA;0;0;5;100;NA;NA;NA;0;5;90;0;NA;NA;
RNP;La Vaca;B4;Paramuricea clavata;529;0;36;36;36;28,5;29;29,5;NA;0;0;0;20;10;10;NA;0;0;0;0;0;15;
RNP;La Vaca;B5;Paramuricea clavata;530;0;11;11;12;12,5;0;0;NA;0;0;0;0;NA;NA;NA;0;0;0;0;NA;NA;
RNP;La Vaca;B5;Paramuricea clavata;531;0;18,5;19;19;19;22;22;NA;0;0;0;20;0;1;NA;0;5;5;0;0;0;
RNP;La Vaca;B5;Paramuricea clavata;532;0;19;19,5;19,5;19,5;19,5;20;NA;0;0;5;25;1;25;NA;0;10;0;0;0;0;
RNP;La Vaca;B5;Paramuricea clavata;533;0;17;19,5;21;19;18;0;NA;0;0;0;5;30;NA;NA;0;5;10;10;1;NA;
RNP;La Vaca;B5;Paramuricea clavata;534;0;41;45;46;23;25,5;26;NA;0;0;0;0;30;15;NA;1;0;5;0;0;0;
RNP;La Vaca;B5;Paramuricea clavata;535;0;6,5;8,5;6;3,5;3,5;0;NA;0;0;0;0;0;NA;NA;0;90;0;0;0;NA;
RNP;La Vaca;B5;Paramuricea clavata;536;0;11;11,5;11,5;10;10;0;NA;0;0;0;10;0;NA;NA;0;0;0;40;0;NA;
RNP;La Vaca;B5;Paramuricea clavata;537;0;23;24;25;25;25;29;NA;0;0;0;10;0;0;NA;0;0;0;10;0;20;
RNP;La Vaca;B5;Paramuricea clavata;538;0;11,5;11,5;14;14,5;16,5;17;NA;0;0;0;10;20;10;NA;0;0;0;25;0;30;
RNP;La Vaca;B5;Paramuricea clavata;784;0;21;21;21;21;21;21,5;NA;0;0;0;0;20;5;NA;0;0;0;0;0;0;
RNP;La Vaca;B6;Paramuricea clavata;539;0;6,5;9,5;9,5;0;0;0;NA;0;0;5;NA;NA;NA;NA;0;95;0;NA;NA;NA;
RNP;La Vaca;B6;Paramuricea clavata;540;0;37;39;39,5;39,5;41;43;NA;0;0;0;5;0;0;NA;0;5;0;15;0;30;
RNP;La Vaca;B6;Paramuricea clavata;541;0;15,5;18,5;19;19,5;21;21;NA;0;0;0;0;0;0;NA;0;0;0;0;0;0;
RNP;Pedra de Deu;A1;Paramuricea clavata;87;42;35;36;38;36;37;39;50;0;2;60;60;60;70;0;5;5;0;0;0;30;
RNP;Pedra de Deu;A1;Paramuricea clavata;88;40;40;42;40;39;36;38;5;5;40;10;5;10;0;0;0;0;20;0;0;80;
RNP;Pedra de Deu;A1;Paramuricea clavata;89;20;0;0;0;0;0;0;30;NA;NA;NA;NA;NA;NA;0;NA;NA;NA;NA;NA;NA;
RNP;Pedra de Deu;A1;Paramuricea clavata;90;41;0;0;0;0;0;0;0;NA;NA;NA;NA;NA;NA;0;NA;NA;NA;NA;NA;NA;
RNP;Pedra de Deu;A1;Paramuricea clavata;91;50;50;52;37;33;28;25;20;40;40;10;20;5;0;0;0;40;20;0;0;40;
RNP;Pedra de Deu;A1;Paramuricea clavata;92;29,5;31;31;29;30;27;29;20;10;5;40;40;15;0;0;0;40;0;0;0;90;
RNP;Pedra de Deu;A1;Paramuricea clavata;93;17;17;17;19;21;23;25;30;5;5;5;20;20;0;0;0;0;0;0;0;40;
RNP;Pedra de Deu;A1;Paramuricea clavata;732;0;0;0;0;3;8;10;NA;NA;NA;NA;0;50;0;NA;NA;NA;NA;0;0;80;
RNP;Pedra de Deu;A2;Paramuricea clavata;94;18;19;19;18;16;16;16;0;0;80;100;100;100;100;0;60;5;0;0;0;0;
RNP;Pedra de Deu;A2;Paramuricea clavata;95;34;34;36;36;36;39;41;0;0;20;20;20;5;10;0;0;10;0;0;0;0;
RNP;Pedra de Deu;A2;Paramuricea clavata;96;21;19;0;0;0;0;0;20;0;NA;NA;NA;NA;NA;0;0;NA;NA;NA;NA;NA;
RNP;Pedra de Deu;A2;Paramuricea clavata;97;21;23;26;29;28;32;34;0;0;20;80;80;80;60;0;40;60;0;0;0;30;
RNP;Pedra de Deu;A2;Paramuricea clavata;98;27;27;19;19;20;12;12;50;80;80;40;20;50;100;0;0;0;0;0;0;0;
RNP;Pedra de Deu;A2;Paramuricea clavata;99;28;28;31;31;0;0;0;0;0;10;10;NA;NA;NA;0;40;20;0;NA;NA;NA;
RNP;Pedra de Deu;A2;Paramuricea clavata;100;24;24;25;24;27;15;15;75;40;80;60;60;80;100;0;20;0;0;0;0;0;
RNP;Pedra de Deu;A2;Paramuricea clavata;101;28;21;21;23;23;19;21;15;5;80;0;0;5;80;0;5;5;5;5;0;0;
RNP;Pedra de Deu;A2;Paramuricea clavata;102;18,5;18;19;22;24;27;27;15;40;40;8;10;10;0;0;20;20;0;0;0;40;
RNP;Pedra de Deu;A2;Paramuricea clavata;103;23;0;0;0;0;0;0;50;NA;NA;NA;NA;NA;NA;0;NA;NA;NA;NA;NA;NA;
RNP;Pedra de Deu;A2;Paramuricea clavata;104;21;22;21;0;0;0;0;0;0;0;NA;NA;NA;NA;0;10;10;NA;NA;NA;NA;
RNP;Pedra de Deu;A2;Paramuricea clavata;105;16;18;0;0;0;0;0;10;0;NA;NA;NA;NA;NA;0;90;NA;NA;NA;NA;NA;
RNP;Pedra de Deu;A2;Paramuricea clavata;542;0;2;5;7;9;9;9;NA;0;0;0;0;0;0;NA;0;0;0;0;0;100;
RNP;Pedra de Deu;A2;Paramuricea clavata;543;0;3;5;7;9;9;8;NA;0;0;0;0;0;0;NA;0;0;0;0;0;50;
RNP;Pedra de Deu;A2;Paramuricea clavata;733;34;34;35;37;39;26;27;0;0;10;10;60;50;20;0;0;10;0;0;0;40;
RNP;Pedra de Deu;A2;Paramuricea clavata;734;0;0;0;0;0;3;7;NA;NA;NA;NA;NA;0;0;NA;NA;NA;NA;NA;0;40;
RNP;Pedra de Deu;A3;Paramuricea clavata;106;19;19;21;23;24;21;21;0;0;0;20;20;5;90;0;5;20;0;0;0;0;
RNP;Pedra de Deu;A3;Paramuricea clavata;107;28;26;26;26;27;26;27;0;0;0;5;0;0;60;0;10;10;0;0;0;0;
RNP;Pedra de Deu;A3;Paramuricea clavata;108;25;26;27;27;27;28;28;0;0;20;0;20;40;40;0;2;5;40;0;0;40;
RNP;Pedra de Deu;A3;Paramuricea clavata;109;17;19;14;12;0;0;0;0;0;90;100;NA;NA;NA;0;0;0;0;NA;NA;NA;
RNP;Pedra de Deu;A3;Paramuricea clavata;110;42;45;48;50;44;46;48;20;0;10;20;20;10;60;0;40;20;0;0;0;10;
RNP;Pedra de Deu;A3;Paramuricea clavata;111;21;22;22;23;20;11;13;0;0;10;5;5;50;50;0;5;5;0;0;0;40;
RNP;Pedra de Deu;A3;Paramuricea clavata;112;21;18;18;0;0;0;0;0;0;100;NA;NA;NA;NA;0;0;0;NA;NA;NA;NA;
RNP;Pedra de Deu;A3;Paramuricea clavata;113;19;19;21;20;17;17;16;0;0;0;10;5;50;20;0;10;10;0;0;0;70;
RNP;Pedra de Deu;A3;Paramuricea clavata;114;25;22;25;25;23;24;24;0;0;10;10;0;0;0;0;20;20;0;0;0;40;
RNP;Pedra de Deu;A3;Paramuricea clavata;115;15;8;9;10;10;0;0;0;40;0;10;0;NA;NA;0;0;0;0;0;NA;NA;
RNP;Pedra de Deu;A3;Paramuricea clavata;116;21;22;22;21;21;21;21;0;0;0;0;0;40;60;0;0;40;0;0;0;20;
RNP;Pedra de Deu;A3;Paramuricea clavata;117;15;15;17;15;17;17;18;0;0;0;0;0;0;0;0;0;0;0;0;0;10;
RNP;Pedra de Deu;A4;Paramuricea clavata;118;27,5;29;29;30;24;25;0;0;0;10;40;40;30;NA;0;0;40;10;0;0;NA;
RNP;Pedra de Deu;A4;Paramuricea clavata;119;13,5;15;13;14;18;20;24;0;0;40;50;0;30;0;0;0;0;0;0;0;80;
RNP;Pedra de Deu;A4;Paramuricea clavata;120;20,5;20,5;21;21;21;21;21;0;0;0;0;0;0;0;0;0;5;5;0;0;5;
RNP;Pedra de Deu;A4;Paramuricea clavata;121;21;15;16;17;18;14;14,5;25;40;0;5;0;100;0;0;0;5;0;0;0;70;
RNP;Pedra de Deu;A4;Paramuricea clavata;122;26,5;26;27;29;30,5;31;32,5;0;0;5;0;5;25;5;0;0;20;0;0;5;70;
RNP;Pedra de Deu;A4;Paramuricea clavata;123;42,2;34;36;15;8;0;0;10;40;40;90;0;NA;NA;0;0;0;0;0;NA;NA;
RNP;Pedra de Deu;A4;Paramuricea clavata;124;25,5;25;0;0;0;0;0;0;0;NA;NA;NA;NA;NA;0;0;NA;NA;NA;NA;NA;
RNP;Pedra de Deu;A4;Paramuricea clavata;125;19,5;11;11;11;3,5;3,1;3,1;50;40;0;0;10;20;100;0;40;0;0;0;0;0;
RNP;Pedra de Deu;A4;Paramuricea clavata;126;12;13;13;13;15;15;12,5;0;0;0;5;10;25;0;10;0;0;0;0;0;5;
RNP;Pedra de Deu;A4;Paramuricea clavata;127;15;0;0;0;0;0;0;100;NA;NA;NA;NA;NA;NA;0;NA;NA;NA;NA;NA;NA;
RNP;Pedra de Deu;A4;Paramuricea clavata;128;13,5;14;11;13;13,5;13,5;12;0;5;0;0;0;0;10;0;0;5;5;0;5;60;
RNP;Pedra de Deu;A4;Paramuricea clavata;129;20,5;20;0;0;0;0;0;0;0;NA;NA;NA;NA;NA;0;0;NA;NA;NA;NA;NA;
RNP;Pedra de Deu;A4;Paramuricea clavata;130;18;15;17;17;18;19;20;0;80;0;20;0;0;0;0;0;0;0;0;0;15;
RNP;Pedra de Deu;A4;Paramuricea clavata;131;23;24;29;31;31,5;31,5;32;5;20;10;30;15;25;30;0;10;10;0;0;0;40;
RNP;Pedra de Deu;A4;Paramuricea clavata;132;11;0;0;0;0;0;0;0;NA;NA;NA;NA;NA;NA;0;NA;NA;NA;NA;NA;NA;
RNP;Pedra de Deu;A4;Paramuricea clavata;133;6;9;0;0;0;0;0;0;0;NA;NA;NA;NA;NA;0;0;NA;NA;NA;NA;NA;
RNP;Pedra de Deu;A4;Paramuricea clavata;134;29;25;28;26;26;27;25;0;0;0;5;5;10;20;0;0;5;0;0;5;70;
RNP;Pedra de Deu;A4;Paramuricea clavata;135;29,5;16;14;14;14;11;0;0;0;40;40;50;100;NA;0;0;0;0;5;0;NA;
RNP;Pedra de Deu;A4;Paramuricea clavata;735;0;0;0;3;7,5;8,5;11;NA;NA;NA;0;0;0;5;NA;NA;NA;0;0;5;0;
RNP;Pedra de Deu;A4;Paramuricea clavata;771;24;24;24;24;24;24;26;0;0;0;0;0;10;5;0;0;0;0;0;0;20;
RNP;Pedra de Deu;A4;Paramuricea clavata;772;21;21;20;20;15;13;14;0;0;0;15;80;60;0;0;0;10;0;0;0;90;
RNP;Pedra de Deu;A5;Paramuricea clavata;136;14,5;15;13;15,5;15;15;14,5;10;0;30;10;0;0;0;0;10;40;0;0;0;50;
RNP;Pedra de Deu;A5;Paramuricea clavata;137;6;0;0;0;0;0;0;0;NA;NA;NA;NA;NA;NA;0;NA;NA;NA;NA;NA;NA;
RNP;Pedra de Deu;A5;Paramuricea clavata;138;15,5;16;17;17;20;17;23;0;0;0;0;0;70;0;0;0;10;10;0;0;25;
RNP;Pedra de Deu;A5;Paramuricea clavata;139;3,5;0;0;0;0;0;0;0;NA;NA;NA;NA;NA;NA;0;NA;NA;NA;NA;NA;NA;
RNP;Pedra de Deu;A5;Paramuricea clavata;140;28;0;0;0;0;0;0;0;NA;NA;NA;NA;NA;NA;0;NA;NA;NA;NA;NA;NA;
RNP;Pedra de Deu;A5;Paramuricea clavata;141;14;15;12;13,5;13,5;14;14,5;0;0;30;25;0;20;20;0;10;0;0;0;5;0;
RNP;Pedra de Deu;A5;Paramuricea clavata;142;15;15;0;0;0;0;0;25;30;NA;NA;NA;NA;NA;0;0;NA;NA;NA;NA;NA;
RNP;Pedra de Deu;A5;Paramuricea clavata;144;3,5;4;0;0;0;0;0;5;10;NA;NA;NA;NA;NA;0;0;NA;NA;NA;NA;NA;
RNP;Pedra de Deu;A5;Paramuricea clavata;145;9;9,5;13;14,5;14,5;12,5;12;0;0;0;0;0;30;0;0;0;0;0;0;0;0;
RNP;Pedra de Deu;A5;Paramuricea clavata;146;25;25,5;0;0;0;0;0;0;0;NA;NA;NA;NA;NA;0;0;NA;NA;NA;NA;NA;
RNP;Pedra de Deu;A5;Paramuricea clavata;147;8,5;9;10;10;11;11;11;0;0;0;0;0;0;10;0;0;0;0;0;0;0;
RNP;Pedra de Deu;A5;Paramuricea clavata;148;3,5;0;0;0;0;0;0;0;NA;NA;NA;NA;NA;NA;0;NA;NA;NA;NA;NA;NA;
RNP;Pedra de Deu;A5;Paramuricea clavata;149;39;39;39;40;35;28;0;0;0;10;10;5;20;NA;0;0;0;0;30;20;NA;A punt de caure
RNP;Pedra de Deu;A5;Paramuricea clavata;150;29,5;32;18;19;19;20;20;0;10;10;10;10;5;0;0;0;10;0;0;0;10;
RNP;Pedra de Deu;A5;Paramuricea clavata;736;7;9;12,5;12,5;14;15;20;0;0;0;0;1;0;0;0;0;20;20;0;0;10;
RNP;Pedra de Deu;A5;Paramuricea clavata;151;33;26,5;29;30;32;33,5;0;0;0;0;15;10;30;NA;0;0;0;0;0;0;NA;
RNP;Pedra de Deu;A5;Paramuricea clavata;152;15;17;22;22;23;0;0;0;0;50;50;30;NA;NA;0;0;0;0;0;NA;NA;
RNP;Pedra de Deu;A5;Paramuricea clavata;153;13;13;13;9;0;0;0;0;0;60;100;NA;NA;NA;0;0;0;0;NA;NA;NA;
RNP;Pedra de Deu;A5;Paramuricea clavata;154;30;30;30;30;30;19,5;19,5;0;0;0;0;0;0;0;0;0;0;0;0;0;0;
RNP;Pedra de Deu;A5;Paramuricea clavata;737;13;13;13;13,5;14;15;16,5;0;0;0;0;0;0;0;0;0;0;0;0;5;0;
RNP;Pedra de Deu;A5;Paramuricea clavata;155;19;19;22;20;22;0;0;0;0;50;60;60;NA;NA;0;0;0;20;0;NA;NA;
RNP;Pedra de Deu;A5;Paramuricea clavata;681;0;0;3;7;7;9,5;13;NA;NA;0;0;0;0;0;NA;NA;0;0;0;15;20;
RNP;Pedra de Deu;A5;Paramuricea clavata;156;35;37;0;0;0;0;0;0;0;NA;NA;NA;NA;NA;0;0;NA;NA;NA;NA;NA;
RNP;Pedra de Deu;A5;Paramuricea clavata;738;14;15;19;22;23;23,5;25;0;0;0;0;0;1;5;0;10;0;0;0;0;5;
RNP;Pedra de Deu;A5;Paramuricea clavata;785;0;0;0;0;0;3;6,5;NA;NA;NA;NA;NA;0;0;NA;NA;NA;NA;NA;0;20;
RNP;Pedra de Deu;A5;Paramuricea clavata;786;0;0;0;0;0;3;5;NA;NA;NA;NA;NA;0;0;NA;NA;NA;NA;NA;0;0;
RNP;Pedra de Deu;A5;Paramuricea clavata;787;0;0;0;0;0;3;5;NA;NA;NA;NA;NA;0;0;NA;NA;NA;NA;NA;0;0;
RNP;Pedra de Deu;A6;Paramuricea clavata;157;13;15;18;18,5;20,5;23,5;24,5;0;5;0;0;0;5;0;0;0;0;0;0;0;30;
RNP;Pedra de Deu;A6;Paramuricea clavata;158;49,5;49,5;35;35,5;35,5;36;36;0;1;10;15;15;5;5;0;1;20;0;0;0;40;
RNP;Pedra de Deu;A6;Paramuricea clavata;159;16,5;17;20;20;20;22,5;0;0;0;0;0;0;0;NA;0;1;0;0;0;0;NA;
RNP;Pedra de Deu;A6;Paramuricea clavata;160;29;32;0;0;0;0;0;0;1;NA;NA;NA;NA;NA;0;5;NA;NA;NA;NA;NA;
RNP;Pedra de Deu;A6;Paramuricea clavata;161;10,5;10,5;0;0;0;0;0;0;5;NA;NA;NA;NA;NA;0;1;NA;NA;NA;NA;NA;
RNP;Pedra de Deu;A6;Paramuricea clavata;162;17,5;20,5;22;22;23;23,5;18;0;10;0;0;0;0;0;0;0;0;0;0;0;40;
RNP;Pedra de Deu;A6;Paramuricea clavata;163;8;8;0;0;0;0;0;0;0;NA;NA;NA;NA;NA;0;0;NA;NA;NA;NA;NA;
RNP;Pedra de Deu;A6;Paramuricea clavata;164;15,5;16;0;0;0;0;0;0;0;NA;NA;NA;NA;NA;0;1;NA;NA;NA;NA;NA;
RNP;Pedra de Deu;A6;Paramuricea clavata;165;5;5;9;9;10;10,5;10;0;0;0;90;0;0;0;0;0;50;0;0;0;10;
RNP;Pedra de Deu;A6;Paramuricea clavata;166;5,2;0;0;0;0;0;0;0;NA;NA;NA;NA;NA;NA;0;NA;NA;NA;NA;NA;NA;
RNP;Pedra de Deu;A6;Paramuricea clavata;167;22;22;0;0;0;0;0;0;0;NA;NA;NA;NA;NA;0;1;NA;NA;NA;NA;NA;
RNP;Pedra de Deu;A6;Paramuricea clavata;168;5,5;5,5;0;0;0;0;0;0;0;NA;NA;NA;NA;NA;0;0;NA;NA;NA;NA;NA;
RNP;Pedra de Deu;A6;Paramuricea clavata;169;19,2;20;0;0;0;0;0;0;0;NA;NA;NA;NA;NA;0;1;NA;NA;NA;NA;NA;
RNP;Pedra de Deu;A6;Paramuricea clavata;170;17;12,5;0;0;0;0;0;0;0;NA;NA;NA;NA;NA;0;1;NA;NA;NA;NA;NA;
RNP;Pedra de Deu;A6;Paramuricea clavata;171;35;34;34;34;36;37,5;37,5;0;0;0;0;0;0;0;0;0;0;0;0;0;15;
RNP;Pedra de Deu;A6;Paramuricea clavata;172;15,5;15,7;0;0;0;0;0;0;0;NA;NA;NA;NA;NA;0;0;NA;NA;NA;NA;NA;
RNP;Pedra de Deu;A6;Paramuricea clavata;173;5;5,5;7,5;7,5;8;9,5;10,5;0;0;0;0;0;5;0;0;0;0;0;0;0;50;
RNP;Pedra de Deu;A6;Paramuricea clavata;174;14;14;14;17;17;20;19,5;0;0;10;25;25;15;0;0;0;20;0;0;0;95;
RNP;Pedra de Deu;A6;Paramuricea clavata;175;7;7;7;8;8;9,5;12;0;0;0;0;0;0;0;0;0;0;0;0;0;15;
RNP;Pedra de Deu;A6;Paramuricea clavata;176;50,5;55;0;0;0;0;0;20;40;NA;NA;NA;NA;NA;0;10;NA;NA;NA;NA;NA;
RNP;Pedra de Deu;A6;Paramuricea clavata;682;0;0;3;0;0;0;0;NA;NA;0;NA;NA;NA;NA;NA;NA;0;NA;NA;NA;NA;
RNP;Pedra de Deu;A6;Paramuricea clavata;692;0;0;0;3;3;4,5;6;NA;NA;NA;0;0;0;0;NA;NA;NA;0;0;0;0;
RNP;Pedra de Deu;A6;Paramuricea clavata;788;0;0;0;0;0;0;1;NA;NA;NA;NA;NA;NA;0;NA;NA;NA;NA;NA;NA;0;
RNP;Pedra de Deu;A6;Paramuricea clavata;789;0;0;0;0;0;0;1;NA;NA;NA;NA;NA;NA;0;NA;NA;NA;NA;NA;NA;0;
RNP;Pedra de Deu;B1;Paramuricea clavata;177;22,5;24;26;24;23;20;24;30;0;20;10;60;5;0;0;10;20;0;0;5;60;
RNP;Pedra de Deu;B1;Paramuricea clavata;178;28,5;26;27;27;29;27;29;0;0;20;20;60;20;0;0;5;40;0;0;0;80;
RNP;Pedra de Deu;B1;Paramuricea clavata;179;63;66;70;70;71;70;72;15;20;10;40;40;30;40;0;10;20;0;0;5;40;
RNP;Pedra de Deu;B1;Paramuricea clavata;180;18;18;18;20;18;21;24;0;0;0;0;20;10;0;0;0;40;40;0;0;80;
RNP;Pedra de Deu;B1;Paramuricea clavata;181;22;24;29;31;34;27;29;15;5;10;40;20;50;0;0;10;20;0;0;0;50;
RNP;Pedra de Deu;B1;Paramuricea clavata;182;20;20;21;22;24;25;25;0;0;10;40;60;50;40;0;10;20;0;0;0;40;
RNP;Pedra de Deu;B1;Paramuricea clavata;544;0;3;6;6;7;6;10;NA;0;0;0;0;10;0;NA;0;0;0;0;0;40;
RNP;Pedra de Deu;B1;Paramuricea clavata;693;0;0;0;3;5;6;9;NA;NA;NA;0;0;20;0;NA;NA;NA;0;0;0;20;
RNP;Pedra de Deu;B1;Paramuricea clavata;700;0;0;0;0;3;6;9;NA;NA;NA;NA;0;0;0;NA;NA;NA;NA;0;0;50;
RNP;Pedra de Deu;B1;Paramuricea clavata;739;0;0;0;0;0;1;0;NA;NA;NA;NA;NA;0;NA;NA;NA;NA;NA;NA;0;NA;
RNP;Pedra de Deu;B1;Paramuricea clavata;740;0;0;0;0;0;2;5;NA;NA;NA;NA;NA;0;0;NA;NA;NA;NA;NA;0;20;
RNP;Pedra de Deu;B2;Paramuricea clavata;183;30;30;30;32;32;32;29;0;0;10;60;40;40;20;0;5;10;0;0;0;20;
RNP;Pedra de Deu;B2;Paramuricea clavata;184;19;20;17;16;18;18;18;0;0;0;0;0;0;60;0;20;10;5;0;0;0;
RNP;Pedra de Deu;B2;Paramuricea clavata;185;20;20;18;16;14;14;17;0;0;0;0;60;0;0;0;40;5;60;0;0;0;
RNP;Pedra de Deu;B2;Paramuricea clavata;186;43;20,1;17;18;18;15;0;0;0;0;0;0;0;NA;0;0;0;5;0;0;NA;
RNP;Pedra de Deu;B2;Paramuricea clavata;187;23;23;23;24;25;23;20;0;10;20;0;0;50;0;0;40;0;10;0;0;20;
RNP;Pedra de Deu;B2;Paramuricea clavata;188;30;23;16;0;0;0;0;0;40;20;NA;NA;NA;NA;0;0;0;NA;NA;NA;NA;
RNP;Pedra de Deu;B2;Paramuricea clavata;189;45;45;43;44;20,1;20;22;15;0;10;10;80;40;40;0;5;10;0;0;0;10;
RNP;Pedra de Deu;B2;Paramuricea clavata;190;25;26;18;16;18;18;0;10;0;40;80;80;0;NA;0;5;0;0;0;20;NA;
RNP;Pedra de Deu;B2;Paramuricea clavata;191;14;16;16;19;17;16;16;0;0;0;0;0;0;0;0;0;0;0;0;0;20;
RNP;Pedra de Deu;B2;Paramuricea clavata;192;21;22;23;25;25;21;24;0;0;0;5;10;0;0;0;0;0;0;0;0;60;
RNP;Pedra de Deu;B2;Paramuricea clavata;193;32;31;30;28;0;0;0;0;0;0;60;NA;NA;NA;0;40;0;0;NA;NA;NA;
RNP;Pedra de Deu;B2;Paramuricea clavata;741;0;0;0;0;3;9;9;NA;NA;NA;NA;0;0;0;NA;NA;NA;NA;0;0;0;
RNP;Pedra de Deu;B2;Paramuricea clavata;742;0;0;0;0;3;8;9;NA;NA;NA;NA;0;0;0;NA;NA;NA;NA;0;0;0;
RNP;Pedra de Deu;B2;Paramuricea clavata;743;0;0;0;0;0;3;0;NA;NA;NA;NA;NA;0;NA;NA;NA;NA;NA;NA;0;NA;
RNP;Pedra de Deu;B3;Paramuricea clavata;194;29;28;28;27;27;27;27;0;0;10;0;5;0;0;0;20;10;0;0;0;0;
RNP;Pedra de Deu;B3;Paramuricea clavata;195;50;50;53;53;53;54;58;0;0;40;0;40;0;0;0;20;10;10;0;0;80;
RNP;Pedra de Deu;B3;Paramuricea clavata;196;28,5;16,5;19;17;18;19;20;50;50;40;0;20;30;0;0;0;5;0;0;0;90;
RNP;Pedra de Deu;B3;Paramuricea clavata;197;19,5;0;0;0;0;0;0;0;NA;NA;NA;NA;NA;NA;0;NA;NA;NA;NA;NA;NA;
RNP;Pedra de Deu;B3;Paramuricea clavata;198;21;20;20;0;0;0;0;0;0;0;NA;NA;NA;NA;0;5;5;NA;NA;NA;NA;
RNP;Pedra de Deu;B3;Paramuricea clavata;199;18;0;0;0;0;0;0;0;NA;NA;NA;NA;NA;NA;0;NA;NA;NA;NA;NA;NA;
RNP;Pedra de Deu;B3;Paramuricea clavata;200;35;0;0;0;0;0;0;5;NA;NA;NA;NA;NA;NA;0;NA;NA;NA;NA;NA;NA;
RNP;Pedra de Deu;B3;Paramuricea clavata;201;13;13;13;18;22;22;21;0;0;0;0;5;5;0;0;0;0;0;0;0;80;
RNP;Pedra de Deu;B4;Paramuricea clavata;202;19,5;19;17;17;17;0;0;0;10;0;10;0;NA;NA;0;10;10;0;0;NA;NA;
RNP;Pedra de Deu;B4;Paramuricea clavata;203;26,5;26,5;0;0;0;0;0;0;20;NA;NA;NA;NA;NA;0;0;NA;NA;NA;NA;NA;
RNP;Pedra de Deu;B4;Paramuricea clavata;204;37;37;0;0;0;0;0;5;20;NA;NA;NA;NA;NA;5;1;NA;NA;NA;NA;NA;
RNP;Pedra de Deu;B4;Paramuricea clavata;205;45;45;45;45,5;0;0;0;0;10;60;60;NA;NA;NA;0;1;10;0;NA;NA;NA;
RNP;Pedra de Deu;B4;Paramuricea clavata;206;22;22;22;22,5;23;25;23,5;0;5;40;40;15;25;10;0;5;0;0;0;0;30;
RNP;Pedra de Deu;B4;Paramuricea clavata;207;11,5;11,5;15;15;15;16;19,5;0;50;10;10;5;25;0;0;0;20;20;0;0;80;
RNP;Pedra de Deu;B4;Paramuricea clavata;208;22,5;22,5;24;28;30,5;32;32,5;0;10;30;40;15;10;5;0;10;10;0;0;0;15;
RNP;Pedra de Deu;B4;Paramuricea clavata;209;43,2;43;0;0;0;0;0;0;0;NA;NA;NA;NA;NA;0;0;NA;NA;NA;NA;NA;
RNP;Pedra de Deu;B4;Paramuricea clavata;210;3,5;0;0;0;0;0;0;0;NA;NA;NA;NA;NA;NA;0;NA;NA;NA;NA;NA;NA;
RNP;Pedra de Deu;B4;Paramuricea clavata;211;38,5;0;0;0;0;0;0;0;NA;NA;NA;NA;NA;NA;0;NA;NA;NA;NA;NA;NA;
RNP;Pedra de Deu;B4;Paramuricea clavata;212;21,5;22;0;0;0;0;0;5;0;NA;NA;NA;NA;NA;5;0;NA;NA;NA;NA;NA;
RNP;Pedra de Deu;B4;Paramuricea clavata;213;9;10,1;13;12;7;8;6;0;0;100;100;100;100;100;0;10;0;0;0;0;0;
RNP;Pedra de Deu;B4;Paramuricea clavata;214;17;17;17;15;15;0;0;0;0;30;100;100;NA;NA;0;0;30;0;0;NA;NA;
RNP;Pedra de Deu;B4;Paramuricea clavata;215;12;12;12;8;5;5;5;0;0;20;100;100;100;100;0;0;0;0;0;0;0;
RNP;Pedra de Deu;B4;Paramuricea clavata;216;10;10;10;11,5;9;6;6;0;0;20;10;0;100;100;0;0;0;0;0;0;0;
RNP;Pedra de Deu;B4;Paramuricea clavata;694;0;0;0;3;4,5;6;6;NA;NA;NA;0;0;40;0;NA;NA;NA;0;0;0;60;
RNP;Pedra de Deu;B4;Paramuricea clavata;744;0;0;0;0;0;3;3;NA;NA;NA;NA;NA;25;5;NA;NA;NA;NA;NA;0;0;
RNP;Pedra de Deu;B5;Paramuricea clavata;217;34,5;35;0;0;0;0;0;0;30;NA;NA;NA;NA;NA;0;0;NA;NA;NA;NA;NA;
RNP;Pedra de Deu;B5;Paramuricea clavata;218;25,5;25;27,5;29;29,5;30;27;50;30;40;40;20;25;10;20;5;5;0;0;0;30;
RNP;Pedra de Deu;B5;Paramuricea clavata;219;20,5;20,5;0;0;0;0;0;0;0;NA;NA;NA;NA;NA;0;0;NA;NA;NA;NA;NA;
RNP;Pedra de Deu;B5;Paramuricea clavata;220;53,5;53,5;0;0;0;0;0;50;50;NA;NA;NA;NA;NA;0;5;NA;NA;NA;NA;NA;
RNP;Pedra de Deu;B5;Paramuricea clavata;221;49,5;52,5;44,5;45;46;42;41,5;5;5;40;50;45;60;80;0;1;40;0;15;0;5;A punt de caure
RNP;Pedra de Deu;B6;Paramuricea clavata;222;20,5;21;17;15;15,5;16;16;50;5;50;50;40;40;0;0;1;0;0;0;0;40;
RNP;Pedra de Deu;B6;Paramuricea clavata;223;6,5;6;4;4,5;6;6,5;5,5;0;5;0;0;0;1;0;0;1;0;0;0;0;90;
RNP;Pedra de Deu;B6;Paramuricea clavata;224;20;20,5;20;20;21;20,5;14;0;0;0;10;60;5;0;0;0;10;5;0;5;80;
RNP;Pedra de Deu;B6;Paramuricea clavata;225;19;17;20;20;20;15;13,5;50;70;10;10;0;25;5;0;10;5;0;0;1;25;
RNP;Pedra de Deu;B6;Paramuricea clavata;226;37;37,5;37;37;39;41;41;0;5;30;30;30;20;0;0;1;10;0;0;1;80;
RNP;Pedra de Deu;B6;Paramuricea clavata;227;51,5;51,5;55;55;58;59;59;0;10;40;40;35;30;30;0;0;20;0;0;0;20;
RNP;Pedra de Deu;B6;Paramuricea clavata;228;18;0;0;0;0;0;0;5;NA;NA;NA;NA;NA;NA;0;NA;NA;NA;NA;NA;NA;
RNP;Pedra de Deu;B6;Paramuricea clavata;229;19,5;19,5;16;16;18;21;23;0;0;10;10;0;0;0;0;0;0;0;0;0;70;
RNP;Pedra de Deu;B6;Paramuricea clavata;230;20;20,5;20;20;19,5;21;19;0;0;60;60;30;25;5;0;20;20;0;0;0;60;
RNP;Pedra de Deu;B6;Paramuricea clavata;231;17;17;17;17,5;18,5;16;0;0;0;10;30;30;100;NA;0;0;10;0;0;0;NA;
RNP;Pedra de Deu;B6;Paramuricea clavata;232;13;13;13;13;13;8;0;0;0;0;0;0;100;NA;0;0;0;0;0;0;NA;
RNP;Pedra de Deu;B6;Paramuricea clavata;233;14;14;14;14;14;8;11;0;0;20;0;0;30;0;0;0;40;0;0;0;70;
RNP;Pedra de Deu;B6;Paramuricea clavata;234;17;17;17;17;19;14;12;0;0;0;0;0;30;0;0;0;10;0;0;0;0;
RNP;Pedra de Deu;B6;Paramuricea clavata;235;39;39;0;0;0;0;0;0;0;NA;NA;NA;NA;NA;0;1;NA;NA;NA;NA;NA;
RNP;Pedra de Deu;B6;Paramuricea clavata;780;0;0;0;0;3;5;7;NA;NA;NA;NA;0;0;10;NA;NA;NA;NA;0;0;60;
RNP;Pota del Llop;A1;Paramuricea clavata;236;31;0;0;0;0;0;0;0;NA;NA;NA;NA;NA;NA;0;NA;NA;NA;NA;NA;NA;
RNP;Pota del Llop;A1;Paramuricea clavata;237;54,5;46;49;49;0;0;0;0;0;0;0;NA;NA;NA;0;5;5;0;NA;NA;NA;
RNP;Pota del Llop;A1;Paramuricea clavata;238;18;19,5;23;23;25;27;28;0;0;0;0;0;0;0;0;0;0;0;0;0;0;
RNP;Pota del Llop;A1;Paramuricea clavata;239;7;7;6;6;6;8;5;0;0;0;0;0;0;100;0;0;0;0;0;0;0;
RNP;Pota del Llop;A1;Paramuricea clavata;240;17;19,5;21;0;0;0;0;0;0;0;NA;NA;NA;NA;0;0;0;NA;NA;NA;NA;
RNP;Pota del Llop;A1;Paramuricea clavata;701;0;0;0;0;3;6;7;NA;NA;NA;NA;0;0;0;NA;NA;NA;NA;0;0;0;
RNP;Pota del Llop;A1;Paramuricea clavata;702;0;0;0;3;7;10;0;NA;NA;NA;0;0;0;NA;NA;NA;NA;0;0;0;NA;
RNP;Pota del Llop;A2;Paramuricea clavata;241;21,5;23;0;0;0;0;0;0;0;NA;NA;NA;NA;NA;0;40;NA;NA;NA;NA;NA;
RNP;Pota del Llop;A2;Paramuricea clavata;242;22;21;21;24;28;29;31;0;0;0;0;10;0;0;0;0;0;0;0;0;0;
RNP;Pota del Llop;A2;Paramuricea clavata;243;28,5;29,5;30,5;30,5;32;32;34;10;0;1;0;0;0;0;0;0;0;0;0;0;0;
RNP;Pota del Llop;A2;Paramuricea clavata;244;18;18;18;18;18;20;20;0;0;0;0;0;0;0;0;0;0;0;0;0;0;
RNP;Pota del Llop;A2;Paramuricea clavata;245;42;45,5;45;45;45;45;42;0;0;10;0;0;0;0;0;10;0;0;0;0;30;
RNP;Pota del Llop;A2;Paramuricea clavata;246;16;16,5;17;17;19;18;20;0;0;0;0;0;0;0;0;0;0;0;0;0;40;
RNP;Pota del Llop;A2;Paramuricea clavata;247;28;28;28;28;28;27;26;0;0;0;0;0;0;0;0;0;0;0;0;0;20;
RNP;Pota del Llop;A2;Paramuricea clavata;248;18;0;0;0;0;0;0;60;NA;NA;NA;NA;NA;NA;0;NA;NA;NA;NA;NA;NA;
RNP;Pota del Llop;A2;Paramuricea clavata;249;20;20,5;21;23;16;18;21;0;0;0;0;80;70;60;0;0;10;0;0;0;0;
RNP;Pota del Llop;A2;Paramuricea clavata;250;26;28,5;28;28;28;28;0;0;0;0;0;5;0;NA;0;0;40;0;0;0;NA;
RNP;Pota del Llop;A2;Paramuricea clavata;251;77;78,5;80;80;82;80;81;10;10;10;5;5;0;0;0;0;0;0;0;5;5;
RNP;Pota del Llop;A2;Paramuricea clavata;683;0;0;3;4;4;0;0;NA;NA;0;0;0;NA;NA;NA;NA;0;0;0;NA;NA;
RNP;Pota del Llop;A3;Paramuricea clavata;252;53;0;0;0;0;0;0;0;NA;NA;NA;NA;NA;NA;0;NA;NA;NA;NA;NA;NA;
RNP;Pota del Llop;A3;Paramuricea clavata;253;28,5;29,5;25;25;18;20;0;10;0;10;10;50;0;NA;0;0;0;0;0;80;NA;
RNP;Pota del Llop;A3;Paramuricea clavata;254;43,2;44,5;43;43;36;34;34;0;0;0;0;0;0;0;0;0;0;0;0;0;0;
RNP;Pota del Llop;A3;Paramuricea clavata;255;26,3;27;27;26;26;28;21;0;0;0;0;0;0;0;0;0;0;0;0;0;0;
RNP;Pota del Llop;A3;Paramuricea clavata;256;46;46;49;49;51;51;52;0;0;5;10;5;0;0;0;0;15;0;0;5;95;
RNP;Pota del Llop;A3;Paramuricea clavata;257;32,2;34,5;38;32;32;34;27;0;0;10;5;0;0;0;0;0;0;0;0;0;0;
RNP;Pota del Llop;A3;Paramuricea clavata;258;16,1;16,5;16;0;0;0;0;0;0;0;NA;NA;NA;NA;0;0;5;NA;NA;NA;NA;
RNP;Pota del Llop;A3;Paramuricea clavata;259;31,6;34;32;31;34;36;38;0;0;0;0;1;0;0;0;0;0;0;0;0;50;
RNP;Pota del Llop;A3;Paramuricea clavata;745;0;0;0;0;0;3;0;NA;NA;NA;NA;NA;0;NA;NA;NA;NA;NA;NA;0;NA;
RNP;Pota del Llop;A4;Paramuricea clavata;260;35,8;0;0;0;0;0;0;0;NA;NA;NA;NA;NA;NA;0;NA;NA;NA;NA;NA;NA;
RNP;Pota del Llop;A4;Paramuricea clavata;261;47,4;46,5;47;47;0;0;0;0;0;0;0;NA;NA;NA;0;0;15;15;NA;NA;NA;
RNP;Pota del Llop;A4;Paramuricea clavata;746;44,5;47,5;38,5;40,5;40;26;23;0;10;30;10;0;0;0;0;70;0;20;20;0;10;
RNP;Pota del Llop;A4;Paramuricea clavata;262;22,8;23;23,5;24;24;0;0;0;0;0;10;0;NA;NA;0;0;0;0;0;NA;NA;
RNP;Pota del Llop;A4;Paramuricea clavata;263;33,4;32;34,5;34,5;32;32;32;0;0;0;0;0;50;20;0;0;0;0;0;0;10;
RNP;Pota del Llop;A4;Paramuricea clavata;264;28,2;0;0;0;0;0;0;0;NA;NA;NA;NA;NA;NA;0;NA;NA;NA;NA;NA;NA;
RNP;Pota del Llop;A4;Paramuricea clavata;265;27,6;22;20;20;21;25;28;0;0;5;5;0;5;0;0;0;0;0;0;0;5;
RNP;Pota del Llop;A4;Paramuricea clavata;266;44;44;45;40,5;37;39;37;0;5;5;5;20;20;80;0;0;0;1;0;5;0;
RNP;Pota del Llop;A4;Paramuricea clavata;267;26;25;24;26;24;26;26;0;10;20;20;10;10;0;0;10;0;0;0;5;10;
RNP;Pota del Llop;A5;Paramuricea clavata;268;28,1;28,5;29;30;29;29;0;0;0;0;0;0;0;NA;0;0;0;0;0;0;NA;
RNP;Pota del Llop;A5;Paramuricea clavata;269;26,8;0;0;0;0;0;0;0;NA;NA;NA;NA;NA;NA;0;NA;NA;NA;NA;NA;NA;
RNP;Pota del Llop;A5;Paramuricea clavata;270;51;49;51;53;54;57;60;0;5;5;0;0;5;10;0;0;0;0;0;0;30;
RNP;Pota del Llop;A5;Paramuricea clavata;271;53,4;52,5;55;56;54;50;47;0;5;1;10;60;60;90;0;0;5;10;0;0;0;
RNP;Pota del Llop;A5;Paramuricea clavata;272;14,4;17,2;17,5;18;24;29;13;0;0;0;70;40;50;100;0;0;0;0;0;0;0;
RNP;Pota del Llop;A5;Paramuricea clavata;273;33,1;33;32;32;32;32;0;0;0;0;0;0;0;NA;0;0;0;0;0;0;NA;
RNP;Pota del Llop;A5;Paramuricea clavata;747;19;19;19;19;19;20,5;20;0;0;0;0;0;0;10;0;0;0;0;0;0;0;
RNP;Pota del Llop;A6;Paramuricea clavata;274;8,1;10;0;0;0;0;0;0;0;NA;NA;NA;NA;NA;0;0;NA;NA;NA;NA;NA;
RNP;Pota del Llop;A6;Paramuricea clavata;275;25,7;28;29,5;29;27;27;30;0;5;0;0;0;0;0;0;0;0;0;0;0;90;
RNP;Pota del Llop;A6;Paramuricea clavata;276;24,4;25;26;24;24;26;26;0;0;0;0;0;0;0;0;0;0;0;0;0;0;
RNP;Pota del Llop;A6;Paramuricea clavata;277;25;13;13;13;9;9;9;50;100;100;100;100;100;100;0;0;0;0;0;0;0;
RNP;Pota del Llop;A6;Paramuricea clavata;278;46,8;45;48;48,5;0;0;0;0;0;0;5;NA;NA;NA;0;0;0;0;NA;NA;NA;
RNP;Pota del Llop;A6;Paramuricea clavata;279;15,4;19;0;0;0;0;0;0;0;NA;NA;NA;NA;NA;0;0;NA;NA;NA;NA;NA;
RNP;Pota del Llop;A6;Paramuricea clavata;280;26,5;24;25;26;28;28;30;0;0;5;20;0;0;0;0;0;0;0;0;0;20;
RNP;Pota del Llop;A6;Paramuricea clavata;545;0;2;2;4;5;0;0;NA;0;0;0;0;NA;NA;NA;0;0;0;0;NA;NA;
RNP;Pota del Llop;A6;Paramuricea clavata;546;0;3;4;7;6;0;0;NA;0;0;0;0;NA;NA;NA;0;0;0;0;NA;NA;
RNP;Pota del Llop;A6;Paramuricea clavata;547;0;3;6;8;0;0;0;NA;0;0;0;NA;NA;NA;NA;0;0;0;NA;NA;NA;
RNP;Pota del Llop;A6;Paramuricea clavata;281;9,8;0;0;0;0;0;0;0;NA;NA;NA;NA;NA;NA;0;NA;NA;NA;NA;NA;NA;
RNP;Pota del Llop;A6;Paramuricea clavata;282;37,5;32;32;36;24;27;27;0;15;25;25;10;10;10;10;0;0;0;0;0;0;
RNP;Pota del Llop;A6;Paramuricea clavata;283;31,6;20;20;21;21;23;23;60;90;90;50;50;30;0;0;0;0;0;0;0;0;
RNP;Pota del Llop;A6;Paramuricea clavata;748;0;0;0;3;6;10;10;NA;NA;NA;0;0;0;0;NA;NA;NA;0;0;0;0;
RNP;Pota del Llop;A6;Paramuricea clavata;749;0;0;0;0;2;8;10;NA;NA;NA;NA;0;0;0;NA;NA;NA;NA;0;0;0;
RNP;Pota del Llop;B1;Paramuricea clavata;284;12,5;12,5;13;12;0;0;0;0;0;0;0;NA;NA;NA;0;0;0;0;NA;NA;NA;
RNP;Pota del Llop;B1;Paramuricea clavata;285;20,5;21,8;25;24;25;29;31;0;0;0;0;0;0;0;0;0;0;0;0;0;0;
RNP;Pota del Llop;B1;Paramuricea clavata;286;28,5;31;31;29;33;33;21;0;20;5;0;0;0;50;0;0;0;0;0;0;0;
RNP;Pota del Llop;B1;Paramuricea clavata;287;24;0;0;0;0;0;0;0;NA;NA;NA;NA;NA;NA;0;NA;NA;NA;NA;NA;NA;
RNP;Pota del Llop;B1;Paramuricea clavata;288;31;0;0;0;0;0;0;30;NA;NA;NA;NA;NA;NA;0;NA;NA;NA;NA;NA;NA;
RNP;Pota del Llop;B2;Paramuricea clavata;289;27;28,3;28;30;34;34;33;0;0;5;0;0;0;0;0;0;0;0;0;0;0;
RNP;Pota del Llop;B2;Paramuricea clavata;290;41;41,5;40;40;40;42;41;0;0;0;0;0;0;0;0;0;0;0;0;0;0;
RNP;Pota del Llop;B2;Paramuricea clavata;291;27;30;27;29;35;40;12;0;0;0;0;10;0;0;0;0;5;0;0;0;0;
RNP;Pota del Llop;B2;Paramuricea clavata;292;37,5;37;37;37;37;38;39;0;0;0;0;0;0;0;0;5;0;0;0;0;10;
RNP;Pota del Llop;B3;Paramuricea clavata;293;85;85;86;74;71;71;74;0;0;40;20;20;20;0;0;0;5;0;0;0;20;
RNP;Pota del Llop;B3;Paramuricea clavata;294;47;47,5;45;45;49;46;48;0;5;0;5;0;0;0;0;0;0;0;0;0;50;
RNP;Pota del Llop;B3;Paramuricea clavata;295;34;0;0;0;0;0;0;0;NA;NA;NA;NA;NA;NA;0;NA;NA;NA;NA;NA;NA;
RNP;Pota del Llop;B3;Paramuricea clavata;296;15,5;17,5;17;18;20;22;25;0;0;0;0;0;0;0;0;0;10;0;0;0;10;
RNP;Pota del Llop;B3;Paramuricea clavata;297;19;23;23;23;22;24;24;0;0;10;0;0;0;0;0;0;0;0;0;0;0;
RNP;Pota del Llop;B3;Paramuricea clavata;298;32,1;32,5;32;32;34;35;34;0;5;0;0;0;0;0;0;0;0;0;0;0;15;
RNP;Pota del Llop;B3;Paramuricea clavata;299;16;16;16;17;17;17;13;100;100;100;100;100;100;0;0;0;0;0;0;0;50;
RNP;Pota del Llop;B3;Paramuricea clavata;300;37,8;38,5;31;32;33;32;32;0;0;40;0;20;0;20;0;0;0;0;0;20;0;
RNP;Pota del Llop;B3;Paramuricea clavata;301;41,2;4,5;0;0;0;0;0;0;0;NA;NA;NA;NA;NA;0;0;NA;NA;NA;NA;NA;
RNP;Pota del Llop;B3;Paramuricea clavata;302;22;25,5;25;26;26;24;24;0;0;10;0;5;0;0;0;5;0;0;0;0;10;
RNP;Pota del Llop;B3;Paramuricea clavata;303;18;18;18;18;18;19;22;0;0;0;0;0;0;0;0;0;0;0;0;0;10;
RNP;Pota del Llop;B3;Paramuricea clavata;304;21;21;21;21;21;21;0;0;0;0;5;0;0;NA;0;0;0;0;0;0;NA;
RNP;Pota del Llop;B4;Paramuricea clavata;305;22;0;0;0;0;0;0;0;NA;NA;NA;NA;NA;NA;0;NA;NA;NA;NA;NA;NA;
RNP;Pota del Llop;B4;Paramuricea clavata;306;4,5;0;0;0;0;0;0;0;NA;NA;NA;NA;NA;NA;0;NA;NA;NA;NA;NA;NA;
RNP;Pota del Llop;B4;Paramuricea clavata;307;4,9;0;0;0;0;0;0;0;NA;NA;NA;NA;NA;NA;0;NA;NA;NA;NA;NA;NA;
RNP;Pota del Llop;B4;Paramuricea clavata;308;25,8;25;26,5;26,5;28;32;32;0;0;0;0;0;0;0;0;0;0;0;0;0;30;
RNP;Pota del Llop;B4;Paramuricea clavata;309;67;68;57;57;57;56;53;0;90;90;100;100;100;100;0;0;0;0;0;0;0;
RNP;Pota del Llop;B4;Paramuricea clavata;310;27,5;28;28,5;30;28;27;26;0;0;0;0;0;0;0;0;0;0;0;0;0;15;
RNP;Pota del Llop;B4;Paramuricea clavata;548;0;2;4;7;0;0;0;NA;0;50;50;NA;NA;NA;NA;0;0;0;NA;NA;NA;
RNP;Pota del Llop;B4;Paramuricea clavata;311;28,3;0;0;0;0;0;0;0;NA;NA;NA;NA;NA;NA;0;NA;NA;NA;NA;NA;NA;
RNP;Pota del Llop;B4;Paramuricea clavata;312;13,5;0;0;0;0;0;0;0;NA;NA;NA;NA;NA;NA;0;NA;NA;NA;NA;NA;NA;
RNP;Pota del Llop;B4;Paramuricea clavata;313;34,8;34,5;35,5;37,5;37,5;38,5;0;0;10;0;20;0;0;NA;0;0;0;0;0;0;NA;
RNP;Pota del Llop;B4;Paramuricea clavata;314;36,2;37;38;38;30;30;31;0;0;0;38;0;0;0;0;0;0;0;0;0;0;
RNP;Pota del Llop;B4;Paramuricea clavata;315;8,6;0;0;0;0;0;0;0;NA;NA;NA;NA;NA;NA;0;NA;NA;NA;NA;NA;NA;
RNP;Pota del Llop;B4;Paramuricea clavata;316;26,9;0;0;0;0;0;0;0;NA;NA;NA;NA;NA;NA;0;NA;NA;NA;NA;NA;NA;
RNP;Pota del Llop;B4;Paramuricea clavata;317;38,4;36;36;36;36;38;39;0;0;0;0;0;0;0;0;0;10;10;0;0;20;
RNP;Pota del Llop;B4;Paramuricea clavata;781;0;0;0;0;1;4;7;NA;NA;NA;NA;0;0;0;NA;NA;NA;NA;0;0;0;
RNP;Pota del Llop;B4;Paramuricea clavata;782;0;0;0;0;3;6;9;NA;NA;NA;NA;0;0;0;NA;NA;NA;NA;0;0;0;
RNP;Pota del Llop;B5;Paramuricea clavata;783;41,8;37;38,5;40;39;38;31,5;10;0;0;0;50;50;0;0;0;1;0;0;0;0;
RNP;Pota del Llop;B5;Paramuricea clavata;319;9,9;9;9,5;11;12;12;15;0;0;0;0;0;0;0;0;0;0;0;0;0;0;
RNP;Pota del Llop;B5;Paramuricea clavata;320;42;42;43,5;43,5;45;45;49;0;0;0;0;0;5;0;0;0;1;0;0;0;0;
RNP;Pota del Llop;B5;Paramuricea clavata;321;30,5;29,5;31;33;33;33;33;0;5;0;0;0;0;0;0;0;0;0;0;0;0;
RNP;Pota del Llop;B5;Paramuricea clavata;322;18,3;18;23;24,5;24,5;24,5;22;0;0;0;0;0;0;0;0;0;0;0;0;0;0;
RNP;Pota del Llop;B5;Paramuricea clavata;323;51,3;50;50,5;50,5;0;0;0;0;0;0;0;NA;NA;NA;0;40;20;0;NA;NA;NA;
RNP;Pota del Llop;B5;Paramuricea clavata;324;24,3;26,5;28,5;30,5;31;32;32;0;20;20;0;0;10;0;0;0;0;0;0;0;0;
RNP;Pota del Llop;B5;Paramuricea clavata;325;39,6;0;0;0;0;0;0;0;NA;NA;NA;NA;NA;NA;0;NA;NA;NA;NA;NA;NA;
RNP;Pota del Llop;B5;Paramuricea clavata;326;35,6;36,5;38;40,5;42;43;45;0;0;0;0;0;0;0;0;0;5;0;0;0;10;
RNP;Pota del Llop;B5;Paramuricea clavata;750;0;0;0;0;0;3;6;NA;NA;NA;NA;NA;0;0;NA;NA;NA;NA;NA;0;0;
RNP;Pota del Llop;B5;Paramuricea clavata;784;0;0;0;0;3;6;9;NA;NA;NA;NA;0;0;0;NA;NA;NA;NA;0;0;0;
RNP;Pota del Llop;B5;Paramuricea clavata;785;0;0;0;0;3;6;9;NA;NA;NA;NA;0;0;0;NA;NA;NA;NA;0;0;0;
RNP;Pota del Llop;B6;Paramuricea clavata;327;20,3;0;0;0;0;0;0;0;NA;NA;NA;NA;NA;NA;0;NA;NA;NA;NA;NA;NA;
RNP;Pota del Llop;B6;Paramuricea clavata;328;5,4;0;0;0;0;0;0;0;NA;NA;NA;NA;NA;NA;0;NA;NA;NA;NA;NA;NA;
RNP;Pota del Llop;B6;Paramuricea clavata;329;21;21;20;21;21;24;26;0;5;0;0;0;0;0;0;0;0;0;0;0;0;
RNP;Pota del Llop;B6;Paramuricea clavata;330;23,2;23,5;20,5;21;21;20;24;0;10;0;25;0;0;0;0;0;0;0;0;0;0;
RNP;Pota del Llop;B6;Paramuricea clavata;331;39,2;0;0;0;0;0;0;0;NA;NA;NA;NA;NA;NA;0;NA;NA;NA;NA;NA;NA;
RNP;Pota del Llop;B6;Paramuricea clavata;332;24;0;0;0;0;0;0;0;NA;NA;NA;NA;NA;NA;0;NA;NA;NA;NA;NA;NA;
RNP;Pota del Llop;B6;Paramuricea clavata;333;41,8;0;0;0;0;0;0;0;NA;NA;NA;NA;NA;NA;0;NA;NA;NA;NA;NA;NA;
RNP;Pota del Llop;B6;Paramuricea clavata;334;32,6;35,4;37;39;40;42;0;0;0;0;1;0;10;NA;0;0;0;0;0;5;NA;A punt de caure
RNP;Pota del Llop;B6;Paramuricea clavata;770;45;45;45;45;46;49;0;0;0;0;0;0;10;NA;0;0;0;0;0;0;NA;
RNP;Pota del Llop;B6;Paramuricea clavata;335;24;14;14;14;0;0;0;100;100;100;100;NA;NA;NA;0;0;0;0;NA;NA;NA;
RNP;Pota del Llop;B6;Paramuricea clavata;773;0;0;0;0;0;3;8;NA;NA;NA;NA;NA;0;0;NA;NA;NA;NA;NA;0;0;
RNP;Pota del Llop;B6;Paramuricea clavata;774;0;0;0;0;0;3;0;NA;NA;NA;NA;NA;0;NA;NA;NA;NA;NA;NA;0;NA;
RNP;Pota del Llop;B6;Paramuricea clavata;775;0;0;0;0;0;3;8;NA;NA;NA;NA;NA;0;0;NA;NA;NA;NA;NA;0;0;
RNP;Tasco Gros;A1;Paramuricea clavata;336;52;52;52,5;52,5;29;32;32;50;50;5;90;85;95;100;0;0;90;0;0;0;0;
RNP;Tasco Gros;A1;Paramuricea clavata;337;21,5;21,5;20,5;18;20;17;15;0;0;0;50;40;20;50;0;0;80;0;0;0;40;
RNP;Tasco Gros;A2;Paramuricea clavata;338;18;18;15;14;13;13;22;25;0;5;99;99;90;100;0;10;94;0;0;0;0;
RNP;Tasco Gros;A2;Paramuricea clavata;339;42,5;45;40;38,5;38;35;35;40;20;10;80;60;70;80;0;10;80;0;0;0;10;
RNP;Tasco Gros;A2;Paramuricea clavata;340;45;44;44;40;35;37;27;5;5;0;50;20;40;70;0;0;70;0;0;0;20;
RNP;Tasco Gros;A2;Paramuricea clavata;341;38,5;42,5;40;37;37;21;21;25;0;0;100;100;100;100;0;0;0;0;0;0;0;
RNP;Tasco Gros;A2;Paramuricea clavata;751;21;21;21;15;0;0;0;10;0;10;100;NA;NA;NA;0;0;90;0;NA;NA;NA;
RNP;Tasco Gros;A2;Paramuricea clavata;752;0;0;0;0;3;0;0;NA;NA;NA;NA;0;NA;NA;NA;NA;NA;NA;0;NA;NA;
RNP;Tasco Gros;A3;Paramuricea clavata;342;27;25;26;23;21;17;19;25;0;100;100;100;100;100;0;0;0;0;0;0;0;
RNP;Tasco Gros;A3;Paramuricea clavata;343;29;22;0;0;0;0;0;90;100;NA;NA;NA;NA;NA;0;0;NA;NA;NA;NA;NA;
RNP;Tasco Gros;A3;Paramuricea clavata;344;20,5;20,5;20,5;20,5;10;12;12;0;0;100;100;100;100;100;0;0;0;0;0;0;0;
RNP;Tasco Gros;A3;Paramuricea clavata;345;29;29;24;24;24;24;19;10;10;5;100;100;100;100;5;0;95;0;0;0;0;
RNP;Tasco Gros;A3;Paramuricea clavata;346;22,5;24;23;13;14;15;15;0;0;10;99;99;90;90;0;0;89;0;0;0;10;
RNP;Tasco Gros;A3;Paramuricea clavata;347;29;20,5;0;0;0;0;0;5;0;NA;NA;NA;NA;NA;0;0;NA;NA;NA;NA;NA;
RNP;Tasco Gros;A3;Paramuricea clavata;348;24,5;25;17;17,5;16;10;0;0;0;20;99;99;80;NA;0;0;79;0;0;0;NA;
RNP;Tasco Gros;A3;Paramuricea clavata;703;0;0;0;0;3;0;0;NA;NA;NA;NA;0;NA;NA;NA;NA;NA;NA;0;NA;NA;
RNP;Tasco Gros;A3;Paramuricea clavata;704;0;0;0;0;3;4;0;NA;NA;NA;NA;0;0;NA;NA;NA;NA;NA;0;0;NA;
RNP;Tasco Gros;A4;Paramuricea clavata;349;51,5;0;0;0;0;0;0;5;NA;NA;NA;NA;NA;NA;0;NA;NA;NA;NA;NA;NA;
RNP;Tasco Gros;A4;Paramuricea clavata;350;29;0;0;0;0;0;0;29;NA;NA;NA;NA;NA;NA;0;NA;NA;NA;NA;NA;NA;
RNP;Tasco Gros;A4;Paramuricea clavata;351;17;19,5;19,5;17;14;12;0;10;0;0;100;100;100;NA;0;0;100;0;0;0;NA;
RNP;Tasco Gros;A4;Paramuricea clavata;352;13;15;17;17;18,5;19;19;0;0;0;1;15;15;0;0;0;30;0;0;0;10;
RNP;Tasco Gros;A4;Paramuricea clavata;353;40;43;41;42;42,5;44;35;0;0;0;20;15;10;0;0;0;90;0;0;0;20;
RNP;Tasco Gros;A4;Paramuricea clavata;354;3,5;3,5;0;0;0;0;0;75;0;NA;NA;NA;NA;NA;0;0;NA;NA;NA;NA;NA;
RNP;Tasco Gros;A4;Paramuricea clavata;355;30,5;19;14;0;0;0;0;5;90;0;NA;NA;NA;NA;0;0;100;NA;NA;NA;NA;
RNP;Tasco Gros;A4;Paramuricea clavata;695;0;0;3;5,5;9;12;12;NA;NA;0;0;0;0;0;NA;NA;0;0;0;0;80;
RNP;Tasco Gros;A4;Paramuricea clavata;705;0;0;0;0;1,5;5;6;NA;NA;NA;NA;0;0;0;NA;NA;NA;NA;0;0;80;
RNP;Tasco Gros;A4;Paramuricea clavata;753;0;0;0;0;3;7;7;NA;NA;NA;NA;0;0;0;NA;NA;NA;NA;0;0;95;
RNP;Tasco Gros;A5;Paramuricea clavata;356;14;14,5;16;21;23;24;24;5;0;0;20;0;20;10;0;0;30;0;5;0;10;
RNP;Tasco Gros;A5;Paramuricea clavata;357;38;42,5;40,5;40,5;40,5;41;42;10;5;10;25;5;20;20;0;0;89;0;5;0;50;
RNP;Tasco Gros;A5;Paramuricea clavata;358;8;0;0;0;0;0;0;75;NA;NA;NA;NA;NA;NA;0;NA;NA;NA;NA;NA;NA;
RNP;Tasco Gros;A5;Paramuricea clavata;359;43;29;30;32,5;18;17;17;25;50;40;60;70;60;60;0;0;40;0;0;0;10;
RNP;Tasco Gros;A5;Paramuricea clavata;360;11,5;11,5;0;0;0;0;0;0;0;NA;NA;NA;NA;NA;0;0;NA;NA;NA;NA;NA;
RNP;Tasco Gros;A5;Paramuricea clavata;361;41,5;20,1;0;0;0;0;0;0;90;NA;NA;NA;NA;NA;0;0;NA;NA;NA;NA;NA;
RNP;Tasco Gros;A5;Paramuricea clavata;362;13;13;15;16;18,5;19;19;0;0;0;5;0;0;0;0;0;20;0;0;0;10;
RNP;Tasco Gros;A5;Paramuricea clavata;363;2,5;2,5;0;0;0;0;0;0;NA;NA;NA;NA;NA;NA;0;NA;NA;NA;NA;NA;NA;
RNP;Tasco Gros;A5;Paramuricea clavata;770;0;0;0;2;4;8;8;NA;NA;NA;30;0;0;0;NA;NA;NA;0;0;0;95;
RNP;Tasco Gros;A5;Paramuricea clavata;754;0;0;0;0;3;7;10;NA;NA;NA;NA;0;0;0;NA;NA;NA;NA;0;0;90;
RNP;Tasco Gros;A6;Paramuricea clavata;364;43;44;47;45;45;30,5;31;0;0;15;20;20;10;0;0;0;30;0;0;0;40;
RNP;Tasco Gros;A6;Paramuricea clavata;365;16;16;16;16;17;18,5;9;0;0;0;5;1;0;0;0;0;30;0;0;0;20;
RNP;Tasco Gros;A6;Paramuricea clavata;366;10,5;10,5;10,5;10;10;7;0;0;0;0;100;100;100;NA;0;0;100;0;0;0;NA;
RNP;Tasco Gros;A6;Paramuricea clavata;367;20;20;17,5;14;14;10;0;0;0;0;100;100;100;NA;0;0;30;0;0;0;NA;
RNP;Tasco Gros;A6;Paramuricea clavata;368;38;39,5;39;34;33;28;14;0;0;0;70;60;50;0;0;0;90;0;0;0;100;
RNP;Tasco Gros;A6;Paramuricea clavata;369;40;40;40,5;42;44,5;44,5;44;0;0;0;10;5;1;0;0;0;20;0;0;0;40;
RNP;Tasco Gros;A6;Paramuricea clavata;370;25;25;23,5;25,5;25,5;26,5;26;0;0;0;30;30;30;10;0;0;80;0;0;0;80;
RNP;Tasco Gros;A6;Paramuricea clavata;371;24;24;24;24;23;23;23;0;0;0;50;50;50;20;0;0;90;0;0;0;40;
RNP;Tasco Gros;A6;Paramuricea clavata;755;0;0;0;0;3;6,5;8;NA;NA;NA;NA;0;0;0;NA;NA;NA;NA;0;0;0;
RNP;Tasco Gros;B1;Paramuricea clavata;372;43;44,5;36;38;39;39;38;5;0;0;70;60;70;60;0;0;70;0;0;0;10;
RNP;Tasco Gros;B1;Paramuricea clavata;373;23;24;0;0;0;0;0;25;0;NA;NA;NA;NA;NA;0;0;NA;NA;NA;NA;NA;
RNP;Tasco Gros;B1;Paramuricea clavata;685;0;0;2,5;5,5;7,5;5;5;NA;NA;0;30;50;50;50;NA;NA;0;0;0;0;0;
RNP;Tasco Gros;B1;Paramuricea clavata;374;20,5;0;0;0;0;0;0;0;NA;NA;NA;NA;NA;NA;0;NA;NA;NA;NA;NA;NA;
RNP;Tasco Gros;B1;Paramuricea clavata;375;13;13,5;12;12;0;0;0;0;80;10;100;NA;NA;NA;0;0;80;0;NA;NA;NA;
RNP;Tasco Gros;B2;Paramuricea clavata;376;22;0;0;0;0;0;0;100;NA;NA;NA;NA;NA;NA;0;NA;NA;NA;NA;NA;NA;
RNP;Tasco Gros;B2;Paramuricea clavata;377;15;13,5;14;18;18;20;19;60;80;10;99;99;30;20;0;0;89;0;0;0;10;
RNP;Tasco Gros;B2;Paramuricea clavata;549;0;1,5;3;3,5;4;5,5;6;NA;0;0;0;0;0;0;NA;0;20;0;0;0;30;
RNP;Tasco Gros;B2;Paramuricea clavata;378;34,5;35;38;20;16;12;12;30;30;0;100;100;100;100;0;0;100;0;0;0;0;
RNP;Tasco Gros;B2;Paramuricea clavata;379;20;23,5;20;18,5;19;0;0;5;0;0;25;10;NA;NA;0;5;50;0;5;NA;NA;
RNP;Tasco Gros;B2;Paramuricea clavata;380;21;22,5;23;20,5;20;17;17;5;0;0;95;90;80;100;0;0;90;0;0;0;0;
RNP;Tasco Gros;B3;Paramuricea clavata;381;11,5;11,5;11;8;7;0;0;75;30;19;95;100;NA;NA;0;0;80;0;0;NA;NA;
RNP;Tasco Gros;B3;Paramuricea clavata;382;19,5;19,5;19;13,5;13;13;14;10;20;10;100;100;100;100;0;0;90;0;0;0;0;
RNP;Tasco Gros;B3;Paramuricea clavata;383;15,5;15,5;15;15,5;17;13;18;5;0;0;60;20;100;100;0;0;50;0;0;0;0;
RNP;Tasco Gros;B3;Paramuricea clavata;384;37;38,5;40,5;41;30;27;24;0;5;0;80;90;80;100;0;0;80;0;0;0;0;
RNP;Tasco Gros;B3;Paramuricea clavata;706;0;0;0;0;3;4;4;NA;NA;NA;NA;0;80;80;NA;NA;NA;NA;0;0;10;
RNP;Tasco Gros;B3;Paramuricea clavata;385;15;0;0;0;0;0;0;90;NA;NA;NA;NA;NA;NA;0;NA;NA;NA;NA;NA;NA;
RNP;Tasco Gros;B3;Paramuricea clavata;386;37;33,5;0;0;0;0;0;10;60;NA;NA;NA;NA;NA;0;0;NA;NA;NA;NA;NA;
RNP;Tasco Gros;B4;Paramuricea clavata;387;29;29;29;29;29;26,5;27;0;0;100;100;100;100;100;0;0;0;0;0;0;0;
RNP;Tasco Gros;B4;Paramuricea clavata;388;37,5;0;0;0;0;0;0;0;NA;NA;NA;NA;NA;NA;0;NA;NA;NA;NA;NA;NA;
RNP;Tasco Gros;B4;Paramuricea clavata;389;25;20;22,5;13;0;0;0;10;90;0;100;NA;NA;NA;0;0;100;0;NA;NA;NA;
RNP;Tasco Gros;B4;Paramuricea clavata;390;19;21,5;21;12;0;0;0;5;10;10;100;NA;NA;NA;0;0;40;0;NA;NA;NA;
RNP;Tasco Gros;B4;Paramuricea clavata;391;11;13,5;15;13,5;0;0;0;10;5;0;100;NA;NA;NA;0;0;100;0;NA;NA;NA;
RNP;Tasco Gros;B4;Paramuricea clavata;392;31;0;0;0;0;0;0;50;NA;NA;NA;NA;NA;NA;0;NA;NA;NA;NA;NA;NA;
RNP;Tasco Gros;B4;Paramuricea clavata;393;19;16;18;18;0;0;0;50;0;0;100;NA;NA;NA;0;0;0;0;NA;NA;NA;
RNP;Tasco Gros;B4;Paramuricea clavata;707;0;0;0;0;2;5;0;NA;NA;NA;NA;0;0;NA;NA;NA;NA;NA;0;0;NA;
RNP;Tasco Gros;B4;Paramuricea clavata;771;0;0;0;0;2,5;5;0;NA;NA;NA;NA;0;0;NA;NA;NA;NA;NA;0;0;NA;
RNP;Tasco Gros;B4;Paramuricea clavata;756;0;0;3;6,5;10,5;11;12;NA;NA;0;0;0;0;0;NA;NA;0;0;0;0;80;
RNP;Tasco Gros;B4;Paramuricea clavata;708;0;0;0;3;4,5;8;0;NA;NA;NA;0;0;0;NA;NA;NA;NA;0;0;0;NA;
RNP;Tasco Gros;B4;Paramuricea clavata;709;0;0;0;0;2;4,5;5;NA;NA;NA;NA;0;0;0;NA;NA;NA;NA;0;0;80;
RNP;Tasco Gros;B4;Paramuricea clavata;772;0;0;0;0;0;3;0;NA;NA;NA;NA;NA;0;NA;NA;NA;NA;NA;NA;0;NA;
RNP;Tasco Gros;B4;Paramuricea clavata;394;16,5;0;0;0;0;0;0;0;NA;NA;NA;NA;NA;NA;0;NA;NA;NA;NA;NA;NA;
RNP;Tasco Gros;B4;Paramuricea clavata;757;0;0;0;0;3;6;0;NA;NA;NA;NA;0;0;NA;NA;NA;NA;NA;0;0;NA;
RNP;Tasco Gros;B5;Paramuricea clavata;758;18;18;18;14,5;15;16;15;50;50;40;40;30;30;0;0;0;40;0;0;0;80;
RNP;Tasco Gros;B5;Paramuricea clavata;395;22;18;18;16,5;16,5;14,5;14;0;0;10;99;99;40;100;0;0;40;0;0;0;0;
RNP;Tasco Gros;B5;Paramuricea clavata;396;23;28;28;29;21;14;15;0;0;0;80;80;80;80;0;0;99;0;0;0;10;
RNP;Tasco Gros;B5;Paramuricea clavata;397;35;37;39;42;44;46;28;0;0;0;15;15;10;0;0;0;10;0;0;0;100;
RNP;Tasco Gros;B5;Paramuricea clavata;398;22;21,5;23,5;0;0;0;0;0;50;10;NA;NA;NA;NA;0;0;90;NA;NA;NA;NA;
RNP;Tasco Gros;B5;Paramuricea clavata;399;34;26;0;0;0;0;0;0;0;NA;NA;NA;NA;NA;0;0;NA;NA;NA;NA;NA;
RNP;Tasco Gros;B5;Paramuricea clavata;400;55;33;0;0;0;0;0;0;0;NA;NA;NA;NA;NA;0;0;NA;NA;NA;NA;NA;
RNP;Tasco Gros;B5;Paramuricea clavata;686;31;31;31;34;34;36;36;0;0;0;15;30;15;0;0;0;40;0;0;0;80;
RNP;Tasco Gros;B5;Paramuricea clavata;689;35;35;35;27,5;14;15;14;0;0;40;60;90;95;100;0;0;40;0;0;0;0;
RNP;Tasco Gros;B5;Paramuricea clavata;690;17;17;17;15;0;0;0;0;0;0;95;NA;NA;NA;0;0;0;0;NA;NA;NA;
RNP;Tasco Gros;B5;Paramuricea clavata;691;24;24;24;21;21;0;0;0;0;10;40;40;NA;NA;0;0;30;0;0;NA;NA;
RNP;Tasco Gros;B5;Paramuricea clavata;773;0;0;0;0;3;5;9;NA;NA;NA;NA;NA;0;0;NA;NA;NA;NA;NA;0;0;
RNP;Tasco Gros;B6;Paramuricea clavata;401;30;32;0;0;0;0;0;0;0;NA;NA;NA;NA;NA;0;0;NA;NA;NA;NA;NA;
RNP;Tasco Gros;B6;Paramuricea clavata;402;25;26;0;0;0;0;0;0;0;NA;NA;NA;NA;NA;0;0;NA;NA;NA;NA;NA;
RNP;Tasco Gros;B6;Paramuricea clavata;403;19;0;0;0;0;0;0;0;NA;NA;NA;NA;NA;NA;0;NA;NA;NA;NA;NA;NA;
RNP;Tasco Gros;B6;Paramuricea clavata;404;24;24;24;22;22;20;17;0;0;0;99;99;99;0;0;0;99;0;0;0;50;
RNP;Tasco Gros;B6;Paramuricea clavata;405;21;0;0;0;0;0;0;0;NA;NA;NA;NA;NA;NA;0;NA;NA;NA;NA;NA;NA;
RNP;Tasco Petit;A1;Paramuricea clavata;550;0;3,5;0;0;0;0;0;NA;0;NA;NA;NA;NA;NA;NA;0;NA;NA;NA;NA;NA;
RNP;Tasco Petit;A1;Paramuricea clavata;551;0;63;56;57;58;59;55;NA;20;20;15;15;15;10;NA;20;0;0;0;0;60;
RNP;Tasco Petit;A1;Paramuricea clavata;552;0;28;28;32;33,5;35;30;NA;0;90;20;30;40;100;NA;0;0;0;0;0;0;
RNP;Tasco Petit;A1;Paramuricea clavata;553;0;31;31;34;36;38;37;NA;90;20;15;10;5;20;NA;1;0;0;0;0;30;
RNP;Tasco Petit;A1;Paramuricea clavata;554;0;4;0;0;0;0;0;NA;0;NA;NA;NA;NA;NA;NA;0;NA;NA;NA;NA;NA;
RNP;Tasco Petit;A1;Paramuricea clavata;555;0;2;0;0;0;0;0;NA;0;NA;NA;NA;NA;NA;NA;0;NA;NA;NA;NA;NA;
RNP;Tasco Petit;A1;Paramuricea clavata;556;0;47;51;54;54;54;49;NA;25;20;10;7,5;5;10;NA;0;10;0;0;0;60;
RNP;Tasco Petit;A1;Paramuricea clavata;557;0;62;53;0;0;0;0;NA;20;90;NA;NA;NA;NA;NA;50;0;NA;NA;NA;NA;
RNP;Tasco Petit;A1;Paramuricea clavata;558;0;15;0;0;0;0;0;NA;0;NA;NA;NA;NA;NA;NA;100;NA;NA;NA;NA;NA;
RNP;Tasco Petit;A1;Paramuricea clavata;559;0;26;0;0;0;0;0;NA;0;NA;NA;NA;NA;NA;NA;0;NA;NA;NA;NA;NA;
RNP;Tasco Petit;A1;Paramuricea clavata;759;0;40;40;42;43;44;33;NA;10;0;60;60;60;100;NA;0;5;0;0;0;0;
RNP;Tasco Petit;A2;Paramuricea clavata;560;0;67,5;71;60;30;0;0;NA;20;70;60;NA;NA;NA;NA;0;10;10;NA;NA;NA;
RNP;Tasco Petit;A2;Paramuricea clavata;561;0;15;0;0;0;0;0;NA;40;NA;NA;NA;NA;NA;NA;60;NA;NA;NA;NA;NA;
RNP;Tasco Petit;A2;Paramuricea clavata;562;0;53;56;58;58;58;57;NA;0;10;5;10;15;15;NA;0;10;0;0;0;0;
RNP;Tasco Petit;A2;Paramuricea clavata;563;0;28;0;0;0;0;0;NA;50;NA;NA;NA;NA;NA;NA;0;NA;NA;NA;NA;NA;
RNP;Tasco Petit;A2;Paramuricea clavata;564;0;40,5;45;43;47,5;52;53;NA;0;10;5;5;5;20;NA;5;10;0;0;0;30;
RNP;Tasco Petit;A3;Paramuricea clavata;565;0;40;39;39;41;43;45,5;NA;40;0;10;10;10;25;NA;5;15;0;0;0;0;
RNP;Tasco Petit;A3;Paramuricea clavata;566;0;53;0;0;0;0;0;NA;30;NA;NA;NA;NA;NA;NA;15;NA;NA;NA;NA;NA;
RNP;Tasco Petit;A3;Paramuricea clavata;567;0;53;53;52;49,5;47;47,5;NA;30;40;20;25;30;10;NA;15;10;0;0;0;75;
RNP;Tasco Petit;A3;Paramuricea clavata;568;0;67;67;61;62,5;64;0;NA;15;20;20;22,5;25;NA;NA;10;10;0;0;0;NA;
RNP;Tasco Petit;A3;Paramuricea clavata;569;0;52;57;54;56,5;59;60;NA;0;0;5;2,5;0;5;NA;5;5;0;0;0;5;
RNP;Tasco Petit;A3;Paramuricea clavata;570;0;27;26;24;25,5;27;19;NA;0;90;20;35;50;100;NA;99;0;0;0;0;0;
RNP;Tasco Petit;A3;Paramuricea clavata;571;0;15;18;16;18;20;20;NA;0;0;0;0;0;0;NA;0;5;0;0;0;30;
RNP;Tasco Petit;A3;Paramuricea clavata;572;0;31;27;26;24;22;22;NA;20;10;100;100;100;100;NA;1;10;0;0;0;0;
RNP;Tasco Petit;A3;Paramuricea clavata;573;0;68,5;69;66;68;70;69;NA;0;0;0;2,5;5;10;NA;1;10;1;0,5;0;40;
RNP;Tasco Petit;A4;Paramuricea clavata;574;0;29;29;29;0;0;0;NA;5;5;15;15;NA;NA;NA;0;0;0;0;NA;NA;
RNP;Tasco Petit;A4;Paramuricea clavata;575;0;31;28;29;14,5;0;0;NA;1;0;20;20;NA;NA;NA;5;10;0;0;NA;NA;
RNP;Tasco Petit;A4;Paramuricea clavata;576;0;71;64,5;64,5;32,25;0;0;NA;60;10;40;NA;NA;NA;NA;10;5;0;NA;NA;NA;
RNP;Tasco Petit;A4;Paramuricea clavata;577;0;49;46;46;46,5;47;41;NA;1;2;5;12,5;20;40;NA;5;5;5;2,5;0;20;
RNP;Tasco Petit;A4;Paramuricea clavata;578;0;54;55;59;59,5;60;60;NA;50;1;1;3;5;10;NA;1;5;5;2,5;0;10;
RNP;Tasco Petit;A4;Paramuricea clavata;579;0;41;40;41,5;0;0;0;NA;5;0;0;0;NA;NA;NA;5;0;0;0;NA;NA;
RNP;Tasco Petit;A4;Paramuricea clavata;580;0;68;64;64;0;0;0;NA;40;15;20;NA;NA;NA;NA;5;10;0;NA;NA;NA;
RNP;Tasco Petit;A4;Paramuricea clavata;581;0;53;54;58;0;0;0;NA;50;20;20;NA;NA;NA;NA;10;0;0;NA;NA;NA;
RNP;Tasco Petit;A4;Paramuricea clavata;760;0;0;0;3;5,5;8;0;NA;NA;NA;0;30;60;NA;NA;NA;NA;0;5;10;NA;
RNP;Tasco Petit;A5;Paramuricea clavata;582;0;19;16;16;8;0;0;NA;0;60;30;30;NA;NA;NA;0;20;0;0;NA;NA;
RNP;Tasco Petit;A5;Paramuricea clavata;583;0;65;65;67;68,5;70;72;NA;20;5;10;15;20;20;NA;1;5;5;2,5;0;20;
RNP;Tasco Petit;A5;Paramuricea clavata;584;0;30;30;30;0;0;0;NA;0;0;0;0;NA;NA;NA;1;1;1;1;NA;NA;
RNP;Tasco Petit;A5;Paramuricea clavata;585;0;28;0;0;0;0;0;NA;5;NA;NA;NA;NA;NA;NA;0;NA;NA;NA;NA;NA;
RNP;Tasco Petit;A5;Paramuricea clavata;586;0;11;11;12;12,5;13;14;NA;0;0;0;0;0;0;NA;0;0;0;0;0;20;
RNP;Tasco Petit;A5;Paramuricea clavata;587;0;15;15;13;11;9;9;NA;99;89;99;79,5;60;50;NA;0;10;0;0;0;0;
RNP;Tasco Petit;A5;Paramuricea clavata;588;0;12;0;0;0;0;0;NA;0;NA;NA;NA;NA;NA;NA;0;NA;NA;NA;NA;NA;
RNP;Tasco Petit;A5;Paramuricea clavata;589;0;10;0;0;0;0;0;NA;0;NA;NA;NA;NA;NA;NA;0;NA;NA;NA;NA;NA;
RNP;Tasco Petit;A5;Paramuricea clavata;590;0;40;43,5;43,5;27,75;12;13;NA;20;10;0;0;0;0;NA;0;5;0;0;0;40;
RNP;Tasco Petit;A5;Paramuricea clavata;591;0;42;40;40;20;0;0;NA;20;5;15;NA;NA;NA;NA;5;5;0;NA;NA;NA;
RNP;Tasco Petit;A5;Paramuricea clavata;592;0;14;14;12;15,25;18,5;0;NA;0;0;30;30;30;NA;NA;0;0;25;12,5;0;NA;
RNP;Tasco Petit;A5;Paramuricea clavata;593;0;0;3;5;4,05;3,1;4;NA;NA;0;0;0;0;0;NA;NA;0;0;0;0;0;
RNP;Tasco Petit;A5;Paramuricea clavata;594;0;29,5;29,5;33;16,5;0;0;NA;0;15;0;0;NA;NA;NA;0;0;0;0;NA;NA;
RNP;Tasco Petit;A5;Paramuricea clavata;595;0;17,5;17,5;17,5;13,25;9;11;NA;0;0;0;15;30;30;NA;0;0;0;0;0;10;
RNP;Tasco Petit;A5;Paramuricea clavata;596;0;34;34;28;31,5;35;37;NA;0;10;0;15;30;40;NA;0;5;5;2,5;0;15;
RNP;Tasco Petit;A5;Paramuricea clavata;597;0;28;25,5;25,5;0;0;0;NA;5;10;15;NA;NA;NA;NA;5;10;0;NA;NA;NA;
RNP;Tasco Petit;A5;Paramuricea clavata;761;0;37;35,5;42;24,75;7,5;7,5;NA;0;0;30;15;0;0;NA;0;1;0;0;0;20;
RNP;Tasco Petit;A5;Paramuricea clavata;790;0;0;0;0;0;0;2;NA;NA;NA;NA;NA;NA;0;NA;NA;NA;NA;NA;NA;0;
RNP;Tasco Petit;A5;Paramuricea clavata;791;0;0;0;0;0;0;4;NA;NA;NA;NA;NA;NA;0;NA;NA;NA;NA;NA;NA;0;
RNP;Tasco Petit;A6;Paramuricea clavata;598;0;43;0;0;0;0;0;NA;30;NA;NA;NA;NA;NA;NA;10;NA;NA;NA;NA;NA;
RNP;Tasco Petit;A6;Paramuricea clavata;599;0;42,5;0;0;0;0;0;NA;0;NA;NA;NA;NA;NA;NA;1;NA;NA;NA;NA;NA;
RNP;Tasco Petit;A6;Paramuricea clavata;600;0;32,4;0;0;0;0;0;NA;30;NA;NA;NA;NA;NA;NA;10;NA;NA;NA;NA;NA;
RNP;Tasco Petit;A6;Paramuricea clavata;601;0;26;26;26;13;0;0;NA;0;0;0;0;NA;NA;NA;0;0;10;10;NA;NA;
RNP;Tasco Petit;A6;Paramuricea clavata;602;0;50;0;0;0;0;0;NA;0;NA;NA;NA;NA;NA;NA;0;NA;NA;NA;NA;NA;
RNP;Tasco Petit;A6;Paramuricea clavata;603;0;14;14;14;7;0;0;NA;0;0;80;NA;NA;NA;NA;0;0;0;NA;NA;NA;
RNP;Tasco Petit;A6;Paramuricea clavata;604;0;18;18;18,5;9,25;0;0;NA;0;0;0;0;NA;NA;NA;0;0;5;5;NA;NA;
RNP;Tasco Petit;A6;Paramuricea clavata;605;0;38;38;40,5;41,25;42;42;NA;0;0;10;5;0;10;NA;0;0;5;2,5;0;15;
RNP;Tasco Petit;A6;Paramuricea clavata;606;0;40;40;41;43;45;45;NA;0;0;0;2,5;5;10;NA;0;0;5;2,5;0;15;
RNP;Tasco Petit;A6;Paramuricea clavata;607;0;29;29;30;37,5;45;45;NA;0;0;50;25,5;1;0;NA;0;0;10;5;0;10;
RNP;Tasco Petit;A6;Paramuricea clavata;608;0;35;35;35;22,5;10;11;NA;0;0;5;2,5;0;0;NA;0;0;15;7,5;0;20;
RNP;Tasco Petit;A6;Paramuricea clavata;609;0;31,5;31,5;31,5;32,25;33;34;NA;0;0;5;3;1;0;NA;0;0;0;0;0;20;
RNP;Tasco Petit;A6;Paramuricea clavata;610;0;40;40;43,5;0;0;0;NA;0;0;10;NA;NA;NA;NA;0;0;5;NA;NA;NA;
RNP;Tasco Petit;A6;Paramuricea clavata;611;0;25;25;26;29;32;32;NA;0;0;0;0;0;50;NA;0;0;0;0;0;0;
RNP;Tasco Petit;A6;Paramuricea clavata;612;0;15;15;17;19;21;24;NA;0;0;0;0;0;0;NA;0;0;0;0;0;40;
RNP;Tasco Petit;A6;Paramuricea clavata;613;0;45;45;0;0;0;0;NA;0;0;NA;NA;NA;NA;NA;0;0;NA;NA;NA;NA;
RNP;Tasco Petit;A6;Paramuricea clavata;762;0;0;0;0;3;7;7;NA;NA;NA;NA;0;0;0;NA;NA;NA;NA;0;0;40;
RNP;Tasco Petit;A6;Paramuricea clavata;763;0;0;0;0;3;7;7;NA;NA;NA;NA;0;0;0;NA;NA;NA;NA;0;0;20;
RNP;Tasco Petit;A6;Paramuricea clavata;792;0;0;0;0;0;3;6;NA;NA;NA;NA;NA;;0;NA;NA;NA;NA;NA;;0;
RNP;Tasco Petit;A6;Paramuricea clavata;793;0;0;0;0;0;0;3;NA;NA;NA;NA;NA;NA;0;NA;NA;NA;NA;NA;NA;20;
RNP;Tasco Petit;A6;Paramuricea clavata;794;0;0;0;0;0;0;3;NA;NA;NA;NA;NA;NA;0;NA;NA;NA;NA;NA;NA;50;
RNP;Tasco Petit;B1;Paramuricea clavata;614;0;16;19;0;0;0;0;NA;0;0;NA;NA;NA;NA;NA;0;0;NA;NA;NA;NA;
RNP;Tasco Petit;B1;Paramuricea clavata;615;0;8;0;0;0;0;0;NA;100;NA;NA;NA;NA;NA;NA;0;NA;NA;NA;NA;NA;
RNP;Tasco Petit;B1;Paramuricea clavata;616;0;27;26,5;26;23;20;0;NA;20;40;80;80;80;NA;NA;0;10;0;0;0;NA;
RNP;Tasco Petit;B1;Paramuricea clavata;617;0;25,5;22;22;23,5;25;0;NA;0;0;0;5;10;NA;NA;5;0;0;0;0;NA;
RNP;Tasco Petit;B1;Paramuricea clavata;618;0;30,5;24;26;26,25;26,5;29;NA;0;0;0;0;0;20;NA;5;0;0;0;0;30;
RNP;Tasco Petit;B1;Paramuricea clavata;619;0;51;45;44;43,5;43;43,5;NA;40;25;35;32,5;30;40;NA;20;15;0;0;0;10;
RNP;Tasco Petit;B1;Paramuricea clavata;620;0;45;48;51;51;51;51;NA;0;0;10;7,5;5;20;NA;5;0;0;0;0;1;
RNP;Tasco Petit;B1;Paramuricea clavata;621;0;78;81;81;81;81;76;NA;10;80;70;60;50;50;NA;15;10;0;0;0;10;
RNP;Tasco Petit;B1;Paramuricea clavata;622;0;16;16;16;0;0;0;NA;0;20;30;NA;NA;NA;NA;0;0;0;NA;NA;NA;
RNP;Tasco Petit;B1;Paramuricea clavata;623;0;80;80;79;80,5;82;83;NA;0;60;80;55;30;30;NA;0;5;0;0;0;30;
RNP;Tasco Petit;B1;Paramuricea clavata;624;0;22;22;19;19;19;25;NA;0;0;0;0;0;20;NA;0;5;0;0;0;30;
RNP;Tasco Petit;B2;Paramuricea clavata;625;0;44;44;43;43,5;44;45,5;NA;0;15;15;17,5;20;30;NA;0;15;0;0;0;1;
RNP;Tasco Petit;B2;Paramuricea clavata;626;0;14,5;14;16;16,5;17;17,5;NA;0;0;0;0;0;10;NA;0;10;0;0;0;0;
RNP;Tasco Petit;B2;Paramuricea clavata;627;0;40;0;0;0;0;0;NA;10;NA;NA;NA;NA;NA;NA;75;NA;NA;NA;NA;NA;
RNP;Tasco Petit;B2;Paramuricea clavata;628;0;24;25;26;28;30;30;NA;0;0;0;2,5;5;30;NA;0;0;0;0;0;0;
RNP;Tasco Petit;B3;Paramuricea clavata;629;0;15;0;0;0;0;0;NA;50;NA;NA;NA;NA;NA;NA;0;NA;NA;NA;NA;NA;
RNP;Tasco Petit;B3;Paramuricea clavata;630;0;1;1;0;0;0;0;NA;0;0;NA;NA;NA;NA;NA;0;0;NA;NA;NA;NA;
RNP;Tasco Petit;B3;Paramuricea clavata;631;0;13,5;8;11;13,25;15,5;0;NA;99;80;0;0;0;NA;NA;0;0;0;0;0;NA;
RNP;Tasco Petit;B3;Paramuricea clavata;632;0;62;65;62;62,5;63;65;NA;60;40;20;25;30;10;NA;1;10;0;0;0;10;
RNP;Tasco Petit;B3;Paramuricea clavata;633;0;17,5;19;14;15,25;16,5;12;NA;0;90;0;0;0;100;NA;0;0;0;0;0;0;
RNP;Tasco Petit;B3;Paramuricea clavata;634;0;23;24;24;24,5;25;22;NA;0;0;0;0;0;5;NA;5;20;0;0;0;10;
RNP;Tasco Petit;B3;Paramuricea clavata;635;0;15;15;12;0;0;0;NA;0;0;0;NA;NA;NA;NA;0;0;0;NA;NA;NA;
RNP;Tasco Petit;B3;Paramuricea clavata;636;0;48;48;46;47,25;48,5;50;NA;0;0;10;25;40;5;NA;0;30;0;0;0;30;
RNP;Tasco Petit;B3;Paramuricea clavata;637;0;12;12;12;13,5;15;15;NA;0;10;0;0;0;0;NA;0;0;0;0;0;0;
RNP;Tasco Petit;B4;Paramuricea clavata;640;0;21;20;20;16;12;0;NA;20;100;100;100;100;NA;NA;0;0;0;0;0;NA;
RNP;Tasco Petit;B4;Paramuricea clavata;641;0;26;0;0;0;0;0;NA;100;NA;NA;NA;NA;NA;NA;0;NA;NA;NA;NA;NA;
RNP;Tasco Petit;B4;Paramuricea clavata;642;0;34;34,5;37;37;37;0;NA;0;0;0;0;0;NA;NA;0;0;0;0;0;NA;
RNP;Tasco Petit;B4;Paramuricea clavata;643;0;29;29,5;27;29,5;32;32;NA;75;0;5;5;5;5;NA;0;10;10;5;0;0;
RNP;Tasco Petit;B4;Paramuricea clavata;644;0;29;24,5;25,5;24,25;23;23;NA;5;50;50;55;60;60;NA;0;0;0;0;0;0;
RNP;Tasco Petit;B4;Paramuricea clavata;645;0;16;0;0;0;0;0;NA;50;NA;NA;NA;NA;NA;NA;0;NA;NA;NA;NA;NA;
RNP;Tasco Petit;B4;Paramuricea clavata;646;0;52;0;0;0;0;0;NA;40;NA;NA;NA;NA;NA;NA;20;NA;NA;NA;NA;NA;
RNP;Tasco Petit;B4;Paramuricea clavata;647;0;17,5;17,5;18;21,5;25;25;NA;0;1;10;7,5;5;0;NA;0;0;0;0;0;0;
RNP;Tasco Petit;B4;Paramuricea clavata;648;0;29;29;29,5;30,75;32;32;NA;0;0;10;7,5;5;0;NA;0;10;0;0;0;70;
RNP;Tasco Petit;B4;Paramuricea clavata;649;0;17,5;17,5;18,5;18,5;18,5;18,5;NA;0;30;30;15;0;0;NA;0;0;0;0;0;0;
RNP;Tasco Petit;B4;Paramuricea clavata;650;0;39;39;39;24,5;10;0;NA;0;5;5;52,5;100;NA;NA;0;0;0;0;0;NA;
RNP;Tasco Petit;B5;Paramuricea clavata;651;0;17;0;0;0;0;0;NA;80;NA;NA;NA;NA;NA;NA;0;NA;NA;NA;NA;NA;
RNP;Tasco Petit;B5;Paramuricea clavata;652;0;28;26;26;29;32;0;NA;5;80;80;40;0;NA;NA;5;0;0;0;0;NA;
RNP;Tasco Petit;B5;Paramuricea clavata;653;0;27;0;0;0;0;0;NA;30;NA;NA;NA;NA;NA;NA;20;NA;NA;NA;NA;NA;
RNP;Tasco Petit;B5;Paramuricea clavata;654;0;72;0;0;0;0;0;NA;95;NA;NA;NA;NA;NA;NA;0;NA;NA;NA;NA;NA;
RNP;Tasco Petit;B5;Paramuricea clavata;655;0;44;48;50;50;50;45;NA;0;0;1;0,5;0;0;NA;0;1;0;0;0;40;
RNP;Tasco Petit;B5;Paramuricea clavata;656;0;2;0;0;0;0;0;NA;0;NA;NA;NA;NA;NA;NA;0;NA;NA;NA;NA;NA;
RNP;Tasco Petit;B5;Paramuricea clavata;657;0;42;44;46;46,5;47;50;NA;0;0;0;0;0;0;NA;0;0;0;0;0;20;
RNP;Tasco Petit;B5;Paramuricea clavata;658;0;23;22,5;22,5;18,25;14;16;NA;5;0;0;0;0;0;NA;0;0;0;0;0;0;
RNP;Tasco Petit;B5;Paramuricea clavata;659;0;35;37,5;37,5;0;0;0;NA;5;0;100;NA;NA;NA;NA;0;1;0;NA;NA;NA;
RNP;Tasco Petit;B5;Paramuricea clavata;660;0;51;51;52;53,5;55;0;NA;10;50;50;35;20;NA;NA;0;1;0;2,5;5;NA;
RNP;Tasco Petit;B5;Paramuricea clavata;661;0;56;54;56;57;58;58;NA;0;0;11;5,5;0;0;NA;0;0;0;0;0;30;
RNP;Tasco Petit;B5;Paramuricea clavata;662;0;36;36;37;31;25;25;NA;0;5;5;27,5;50;50;NA;0;0;0;0;0;0;
RNP;Tasco Petit;B5;Paramuricea clavata;663;0;37,5;37,5;37,5;38,25;39;0;NA;0;0;0;0;0;NA;NA;0;1;1;0,5;0;NA;
RNP;Tasco Petit;B5;Paramuricea clavata;664;0;24;24;24;16;8;0;NA;0;100;100;100;100;NA;NA;0;0;0;0;0;NA;
RNP;Tasco Petit;B5;Paramuricea clavata;665;0;34;34;34;32,5;31;0;NA;0;1;1;5,5;10;NA;NA;0;0;0;5;10;NA;
RNP;Tasco Petit;B5;Paramuricea clavata;764;0;13;13;13;9,5;6;12;NA;0;0;0;0;0;0;NA;0;0;0;0;0;0;
RNP;Tasco Petit;B5;Paramuricea clavata;765;0;0;0;0;1;2;6;NA;NA;NA;NA;0;0;0;NA;NA;NA;NA;0;0;0;
RNP;Tasco Petit;B5;Paramuricea clavata;766;0;0;0;3;6;9;9;NA;NA;NA;0;0;0;0;NA;NA;NA;0;0;0;100;
RNP;Tasco Petit;B6;Paramuricea clavata;666;0;22;0;0;0;0;0;NA;30;NA;NA;NA;NA;NA;NA;0;NA;NA;NA;NA;NA;
RNP;Tasco Petit;B6;Paramuricea clavata;667;0;26;29;29;25,5;22;22;NA;0;50;0;10;20;20;NA;0;0;0;0;0;0;
RNP;Tasco Petit;B6;Paramuricea clavata;668;0;15;12;12;12;12;12;NA;10;90;90;45;0;0;NA;0;0;0;0;0;0;
RNP;Tasco Petit;B6;Paramuricea clavata;669;0;62;64;66;68;70;72;NA;0;5;5;7,5;10;0;NA;0;0;1;0,5;0;70;
RNP;Tasco Petit;B6;Paramuricea clavata;670;0;30;32;33,5;33,5;33,5;35;NA;5;5;10;5;0;0;NA;0;0;0;0;0;15;
RNP;Tasco Petit;B6;Paramuricea clavata;671;0;51;0;0;0;0;0;NA;0;NA;NA;NA;NA;NA;NA;1;NA;NA;NA;NA;NA;
RNP;Tasco Petit;B6;Paramuricea clavata;672;0;18;0;0;0;0;0;NA;0;NA;NA;NA;NA;NA;NA;0;NA;NA;NA;NA;NA;
RNP;Tasco Petit;B6;Paramuricea clavata;673;0;54;0;0;0;0;0;NA;0;NA;NA;NA;NA;NA;NA;0;NA;NA;NA;NA;NA;
RNP;Tasco Petit;B6;Paramuricea clavata;674;0;20;0;0;0;0;0;NA;0;NA;NA;NA;NA;NA;NA;0;NA;NA;NA;NA;NA;
RNP;Tasco Petit;B6;Paramuricea clavata;675;0;37;0;0;0;0;0;NA;0;NA;NA;NA;NA;NA;NA;0;NA;NA;NA;NA;NA;
RNP;Tasco Petit;B6;Paramuricea clavata;767;0;33;35;35,5;35,5;35,5;35,5;NA;10;0;5;2,5;0;0;NA;0;0;0;0;0;15;
RNP;Tasco Petit;B6;Paramuricea clavata;768;0;15,5;16;16,5;16,75;17;19;NA;5;0;15;17,5;20;20;NA;0;0;0;0;0;10;
RNP;Tasco Petit;B6;Paramuricea clavata;769;0;21;21;22,5;22,5;22,5;22,5;NA;0;0;5;7,5;10;10;NA;0;0;0;0;0;10;